PLAYER_NAME,TEAM_ABBREVIATION,AGE,GP,W,L,MIN,PTS,FGM,FGA,FG_PCT,FG3M,FG3A,FG3_PCT,FTM,FTA,FT_PCT,OREB,DREB,REB,AST,TOV,STL,BLK,PF,NBA_FANTASY_PTS,DD2,TD3,PLUS_MINUS
Michael Jordan,CHI,34,82,69,13,37.9,29.6,11.2,23.1,48.6,1.4,3.6,37.4,5.9,7.0,83.3,1.4,4.5,5.9,4.3,2.0,1.7,0.5,1.9,47.8,9.0,1.0,10.0
Karl Malone,UTA,33,82,64,18,36.6,27.4,10.5,19.2,55.0,0.0,0.2,0.0,6.4,8.4,75.5,2.4,7.5,9.9,4.5,2.8,1.4,0.6,2.6,49.0,43.0,1.0,9.4
Glen Rice,CHH,30,79,52,27,42.5,26.8,9.1,19.2,47.7,2.6,5.6,47.0,5.9,6.8,86.7,0.8,3.2,4.0,2.0,2.2,0.9,0.3,2.4,36.1,0.0,0.0,2.2
Shaquille O'Neal,LAL,25,51,38,13,38.1,26.2,10.8,19.4,55.7,0.0,0.1,0.0,4.5,9.4,48.4,3.8,8.7,12.5,3.1,2.9,0.9,2.9,3.5,54.4,44.0,0.0,5.2
Mitch Richmond,SAC,32,81,34,47,38.6,25.9,8.9,19.5,45.4,2.5,5.9,42.8,5.6,6.6,86.1,0.7,3.2,3.9,4.2,2.9,1.5,0.3,2.5,39.2,4.0,1.0,-1.9
Latrell Sprewell,GSW,26,80,29,51,41.9,24.2,8.1,18.1,44.9,1.8,5.2,35.4,6.2,7.3,84.3,0.7,3.9,4.6,6.3,4.0,1.7,0.6,1.9,41.9,15.0,1.0,-2.7
Allen Iverson,PHI,22,76,20,56,40.0,23.5,8.2,19.8,41.6,2.0,6.0,34.1,5.0,7.2,70.2,1.5,2.6,4.1,7.5,4.4,2.1,0.3,3.1,42.3,19.0,0.0,-5.8
Hakeem Olajuwon,HOU,34,78,54,24,36.5,23.2,9.3,18.3,51.0,0.1,0.2,31.3,4.5,5.7,78.7,2.2,7.0,9.2,3.0,3.6,1.5,2.2,3.2,46.3,28.0,1.0,4.9
Patrick Ewing,NYK,34,78,54,24,37.0,22.4,8.4,17.2,48.8,0.0,0.1,22.2,5.6,7.5,75.4,2.2,8.4,10.7,2.0,3.4,0.9,2.4,3.2,44.8,47.0,0.0,4.0
LaPhonso Ellis,DEN,27,55,13,42,36.4,21.9,8.1,18.4,43.9,1.7,4.7,36.7,4.0,5.1,77.3,1.9,5.1,7.0,2.4,2.1,0.8,0.7,3.3,36.4,8.0,0.0,-3.5
Kendall Gill,NJN,29,82,26,56,39.0,21.8,7.9,17.7,44.3,0.9,2.7,33.6,5.2,6.5,79.7,2.2,3.9,6.1,4.0,2.7,1.9,0.6,2.7,39.7,9.0,0.0,-2.2
Gary Payton,SEA,28,82,57,25,39.2,21.8,8.6,18.1,47.6,1.5,4.6,31.3,3.1,4.3,71.5,1.3,3.3,4.6,7.1,2.6,2.4,0.2,2.5,43.0,19.0,2.0,7.6
Reggie Miller,IND,31,81,38,43,36.6,21.6,6.8,15.4,44.4,2.8,6.6,42.7,5.2,5.9,88.0,0.7,2.9,3.5,3.4,2.0,0.9,0.3,2.1,32.6,1.0,0.0,1.2
Grant Hill,DET,24,80,52,28,39.3,21.4,7.8,15.7,49.6,0.1,0.4,30.3,5.6,7.9,71.1,1.5,7.5,9.0,7.3,3.2,1.8,0.6,2.3,47.1,36.0,13.0,5.1
Glenn Robinson,MIL,24,80,33,47,38.9,21.1,8.4,18.0,46.5,0.8,2.3,35.0,3.6,4.6,79.1,1.6,4.7,6.3,3.1,3.4,1.3,0.9,2.8,36.3,8.0,0.0,-1.8
Vin Baker,MIL,25,78,31,47,40.5,21.0,8.1,16.0,50.5,0.2,0.7,27.8,4.6,6.7,68.7,3.4,6.9,10.3,2.7,3.1,1.1,1.4,3.5,41.7,45.0,0.0,-0.8
Jerry Stackhouse,PHI,22,81,22,59,39.1,20.7,6.6,16.1,40.7,1.3,4.2,29.8,6.3,8.2,76.6,1.9,2.2,4.2,3.1,3.9,1.1,0.8,2.7,32.3,1.0,0.0,-5.4
Tom Gugliotta,MIN,27,81,40,41,38.7,20.6,7.3,16.5,44.2,0.3,1.1,25.8,5.7,7.0,82.0,2.3,6.4,8.7,4.1,3.6,1.6,1.1,2.9,41.7,32.0,0.0,-1.9
Anfernee Hardaway,ORL,25,59,38,21,37.7,20.5,7.1,15.9,44.7,1.4,4.5,31.8,4.8,5.8,82.0,1.4,3.1,4.5,5.6,2.5,1.6,0.6,2.1,38.4,2.0,0.0,3.4
Tim Hardaway,MIA,30,81,60,21,38.8,20.3,7.1,17.1,41.5,2.5,7.3,34.4,3.6,4.5,79.9,0.6,2.8,3.4,8.6,2.8,1.9,0.1,2.0,40.3,25.0,0.0,6.7
Scottie Pippen,CHI,31,82,69,13,37.7,20.2,7.9,16.7,47.4,1.9,5.2,36.8,2.5,3.5,70.1,2.0,4.5,6.5,5.7,2.6,1.9,0.5,2.6,41.2,14.0,0.0,9.9
Damon Stoudamire,TOR,23,81,30,51,40.9,20.2,7.0,17.4,40.1,2.2,6.1,35.5,4.1,5.0,82.3,1.1,3.0,4.1,8.8,3.6,1.5,0.2,2.0,39.7,33.0,2.0,-2.6
Kevin Johnson,PHX,31,70,39,31,37.9,20.1,6.3,12.7,49.6,1.3,2.9,44.1,6.3,7.4,85.2,0.8,2.8,3.6,9.3,3.1,1.5,0.2,2.0,40.3,30.0,2.0,2.1
Chris Webber,WAS,24,72,40,32,39.0,20.1,8.4,16.2,51.8,0.8,2.1,39.7,2.5,4.3,56.5,3.3,7.0,10.3,4.6,3.2,1.7,1.9,3.6,46.9,41.0,2.0,2.2
Steven Smith,ATL,28,72,50,22,39.2,20.1,6.8,15.9,42.9,1.8,5.4,33.5,4.6,5.5,84.7,1.3,2.1,3.3,4.2,2.4,0.9,0.3,2.4,31.5,2.0,0.0,4.8
Alonzo Mourning,MIA,27,66,49,17,35.2,19.8,7.2,13.4,53.4,0.0,0.1,11.1,5.5,8.6,64.2,2.9,7.1,9.9,1.6,3.4,0.8,2.9,4.1,41.9,32.0,0.0,7.0
Terrell Brandon,CLE,27,78,40,38,36.8,19.5,7.4,16.8,43.8,1.3,3.5,37.3,3.4,3.8,90.2,0.6,3.2,3.9,6.3,2.3,1.8,0.4,2.3,37.7,8.0,0.0,1.7
Charles Barkley,HOU,34,53,41,12,37.9,19.2,6.3,13.1,48.4,1.1,3.9,28.3,5.4,7.8,69.4,4.0,9.5,13.5,4.7,2.8,1.3,0.5,2.9,44.9,37.0,1.0,6.0
Juwan Howard,WAS,24,82,44,38,40.5,19.1,7.8,16.0,48.6,0.0,0.0,0.0,3.6,4.7,75.6,2.5,5.5,8.0,3.8,3.0,1.1,0.3,3.2,35.7,24.0,0.0,1.0
Chris Gatling,NJN,29,47,16,31,27.3,19.0,7.0,13.3,52.5,0.0,0.1,16.7,5.0,7.0,71.7,2.9,5.0,7.9,0.6,2.6,0.8,0.7,2.9,31.2,16.0,0.0,-1.9
Shawn Kemp,SEA,27,81,56,25,34.0,18.7,6.5,12.7,51.0,0.1,0.4,36.4,5.6,7.5,74.2,3.4,6.6,10.0,1.9,3.5,1.5,1.0,4.0,37.7,44.0,0.0,5.7
Shareef Abdur-Rahim,VAN,20,80,13,67,35.0,18.7,6.9,15.2,45.3,0.1,0.3,25.9,4.8,6.5,74.6,2.7,4.2,6.9,2.2,2.8,1.0,1.0,2.5,33.4,16.0,1.0,-7.5
Joe Smith,GSW,21,80,28,52,38.6,18.7,7.3,16.2,45.4,0.2,0.6,26.1,3.8,4.7,81.4,3.3,5.2,8.5,1.6,2.4,0.9,1.1,3.1,34.8,31.0,0.0,-2.7
Antonio McDyess,DEN,22,74,19,55,34.7,18.3,7.2,15.6,46.3,0.1,0.5,17.1,3.7,5.2,70.8,2.1,5.2,7.3,1.4,2.7,0.9,1.7,3.7,34.1,19.0,0.0,-5.0
Dominique Wilkins,SAS,37,63,14,49,30.9,18.2,6.3,15.1,41.7,1.1,3.8,29.3,4.5,5.6,80.3,2.7,3.7,6.4,1.9,2.1,0.6,0.5,1.6,29.9,10.0,0.0,-6.4
Christian Laettner,ATL,27,82,56,26,38.2,18.1,6.7,13.8,48.6,0.4,1.1,35.2,4.4,5.4,81.6,2.6,6.2,8.8,2.7,2.7,1.2,0.8,3.4,36.2,31.0,0.0,7.1
Derrick Coleman,PHI,30,57,18,39,36.8,18.1,6.4,14.7,43.5,0.6,2.1,26.9,4.8,6.4,74.5,2.8,7.3,10.1,3.4,3.2,0.9,1.3,2.9,38.6,28.0,0.0,-3.6
Clyde Drexler,HOU,35,62,46,16,36.6,18.0,6.4,14.5,44.2,1.9,5.4,35.5,3.2,4.3,75.0,1.9,4.1,6.0,5.7,2.5,2.0,0.6,2.4,38.8,10.0,3.0,5.9
David Robinson,SAS,31,6,3,3,24.5,17.7,6.0,12.0,50.0,0.0,0.0,0.0,5.7,8.7,65.4,3.2,5.3,8.5,1.3,1.3,1.0,1.0,1.5,34.5,2.0,0.0,3.5
Antoine Walker,BOS,20,82,15,67,36.2,17.5,7.0,16.5,42.6,0.6,1.9,32.7,2.8,4.5,63.1,3.5,5.5,9.0,3.2,2.8,1.3,0.6,3.3,36.1,33.0,2.0,-6.8
Kenny Anderson,POR,26,82,49,33,37.6,17.5,5.9,13.9,42.7,1.6,4.5,36.1,4.1,5.3,76.8,1.1,3.3,4.4,7.1,2.4,2.0,0.2,2.7,37.6,13.0,0.0,4.2
Mookie Blaylock,ATL,30,78,53,25,39.2,17.4,6.4,14.9,43.2,2.8,7.7,36.6,1.7,2.2,75.3,1.5,3.8,5.3,5.9,2.4,2.7,0.3,1.8,39.2,14.0,0.0,7.5
Rony Seikaly,ORL,32,74,41,33,35.3,17.3,6.2,12.3,50.7,0.0,0.0,0.0,4.8,6.8,71.4,3.7,5.8,9.5,1.2,2.9,0.7,1.4,3.7,33.8,32.0,0.0,-0.8
Rod Strickland,WAS,30,82,44,38,36.6,17.2,6.3,13.5,46.6,0.2,0.9,16.9,4.5,6.1,73.8,1.2,2.9,4.1,8.9,3.3,1.7,0.2,2.0,37.8,31.0,0.0,1.0
Eddie Jones,LAL,25,80,54,26,37.5,17.2,5.9,13.5,43.8,1.9,4.9,39.1,3.5,4.2,81.9,1.1,3.0,4.1,3.4,2.1,2.4,0.6,2.8,33.9,1.0,0.0,3.3
Rik Smits,IND,30,52,25,27,29.2,17.1,6.8,14.1,48.6,0.0,0.2,25.0,3.3,4.2,79.7,2.0,4.9,6.9,1.3,2.4,0.4,1.1,3.4,29.6,12.0,0.0,1.9
Kevin Garnett,MIN,21,77,40,37,38.8,17.0,7.1,14.3,49.9,0.1,0.3,28.6,2.7,3.5,75.4,2.5,5.6,8.0,3.1,2.3,1.4,2.1,2.6,39.4,19.0,0.0,1.5
David Wesley,BOS,26,74,13,61,40.4,16.8,6.2,13.2,46.8,1.4,3.9,36.0,3.0,3.9,78.1,0.9,2.7,3.6,7.3,2.9,2.2,0.2,3.0,36.2,15.0,0.0,-5.5
Detlef Schrempf,SEA,34,61,43,18,35.9,16.8,5.8,11.9,49.2,0.9,2.6,35.4,4.1,5.2,80.1,1.4,5.0,6.5,4.4,2.5,1.0,0.3,2.5,32.5,6.0,0.0,8.1
Dale Ellis,DEN,36,82,21,61,35.9,16.6,5.8,14.0,41.4,2.3,6.4,36.4,2.6,3.2,81.7,1.2,2.4,3.6,2.0,1.8,0.7,0.1,2.2,24.6,1.0,0.0,-6.0
Kerry Kittles,NJN,23,82,26,56,36.8,16.4,6.2,14.5,42.6,1.9,5.1,37.7,2.1,2.8,77.1,1.3,2.6,3.9,3.0,1.5,1.9,0.4,2.0,31.2,0.0,0.0,-3.3
Walt Williams,TOR,27,73,28,45,36.3,16.4,5.7,13.5,42.7,2.4,6.0,40.0,2.5,3.3,76.5,1.4,3.6,5.0,2.7,2.4,1.3,0.8,3.9,30.7,2.0,0.0,-0.7
Anthony Mason,CHH,30,73,48,25,43.0,16.2,5.9,11.3,52.5,0.0,0.0,33.3,4.4,5.9,74.5,2.5,8.8,11.4,5.7,2.3,1.0,0.5,2.8,40.6,44.0,4.0,1.6
Bryant Reeves,VAN,24,75,14,61,37.0,16.2,6.6,13.7,48.6,0.0,0.1,9.1,2.9,4.1,70.4,2.3,5.8,8.1,2.1,2.3,0.4,0.9,3.6,30.6,23.0,0.0,-7.1
Isaiah Rider,POR,26,76,44,32,33.8,16.1,6.0,12.9,46.4,1.3,3.4,38.5,2.8,3.4,81.2,1.2,2.8,4.0,2.6,2.8,0.6,0.3,2.6,24.5,2.0,0.0,2.6
Jim Jackson,NJN,26,77,26,51,36.8,15.9,5.8,13.4,43.1,1.1,3.2,34.8,3.3,4.0,81.3,1.7,3.6,5.3,4.1,2.7,1.1,0.4,2.5,30.4,7.0,2.0,-5.7
Sam Cassell,NJN,27,61,20,41,28.1,15.9,5.5,12.8,43.0,1.3,3.8,35.1,3.5,4.1,84.5,0.8,2.2,3.0,5.0,2.8,1.3,0.3,3.3,28.9,7.0,0.0,-1.1
Stephon Marbury,MIN,20,67,32,35,34.7,15.8,5.3,13.0,40.8,1.5,4.3,35.4,3.7,5.0,72.7,0.8,1.9,2.7,7.8,3.1,1.0,0.3,2.4,31.5,15.0,0.0,-2.3
Rick Fox,BOS,27,76,14,62,34.8,15.4,5.7,12.5,45.6,1.3,3.7,36.3,2.7,3.5,78.7,1.5,3.7,5.2,3.8,2.3,2.2,0.5,3.7,33.1,4.0,0.0,-4.7
Nick Van Exel,LAL,25,79,54,25,37.3,15.3,5.5,13.6,40.2,2.2,5.9,37.8,2.1,2.5,82.5,0.6,2.3,2.9,8.5,2.7,0.9,0.1,1.4,32.0,18.0,0.0,3.2
Rasheed Wallace,POR,22,62,37,25,30.6,15.1,6.1,11.0,55.8,0.1,0.5,27.3,2.7,4.3,63.8,2.0,4.8,6.8,1.2,1.8,0.8,1.0,3.2,28.4,10.0,0.0,5.3
Clifford Robinson,POR,30,81,48,33,38.0,15.1,5.5,12.9,42.6,1.5,4.3,34.6,2.7,3.8,69.6,1.1,2.9,4.0,3.2,2.1,1.2,0.8,3.1,28.7,1.0,0.0,3.5
Michael Finley,DAL,24,83,23,60,33.6,15.0,5.7,12.9,44.4,1.2,3.4,36.1,2.4,3.0,80.8,1.1,3.4,4.5,2.7,2.0,0.8,0.3,1.7,25.8,1.0,0.0,-3.8
Eric Williams,BOS,24,72,13,59,33.8,15.0,5.2,11.4,45.6,0.0,0.1,25.0,4.6,6.1,75.2,1.7,2.8,4.6,1.8,1.9,1.0,0.2,3.0,24.7,3.0,0.0,-5.3
Sean Elliott,SAS,29,39,11,28,35.7,14.9,5.0,11.9,42.2,1.1,3.2,33.3,3.8,5.0,75.5,1.2,3.6,4.9,3.2,2.3,0.6,0.6,2.7,26.9,2.0,0.0,-4.5
Elden Campbell,LAL,28,77,52,25,32.6,14.9,5.7,12.2,46.9,0.0,0.1,25.0,3.4,4.8,71.1,2.7,5.3,8.0,1.6,1.7,0.6,1.5,3.6,31.6,20.0,0.0,2.2
Bryant Stith,DEN,26,52,13,39,34.4,14.9,4.8,11.6,41.6,1.3,3.5,38.5,3.9,4.5,86.3,1.4,2.8,4.2,2.6,1.9,1.2,0.4,2.3,26.4,0.0,0.0,-3.2
Loy Vaught,LAC,29,82,36,46,34.6,14.9,6.6,13.2,50.0,0.0,0.1,16.7,1.6,2.3,70.9,2.7,7.3,10.0,1.3,1.7,1.0,0.3,2.9,31.2,43.0,0.0,-5.1
Marcus Camby,TOR,23,63,24,39,30.1,14.8,6.0,12.3,48.2,0.0,0.2,14.3,2.9,4.2,69.3,2.1,4.2,6.3,1.5,2.1,1.0,2.1,3.4,31.9,8.0,0.0,-0.5
Dell Curry,CHH,33,68,43,25,30.6,14.8,5.6,12.3,45.9,1.9,4.4,42.6,1.7,2.1,80.3,0.6,2.5,3.1,1.7,1.4,0.9,0.2,2.2,23.0,0.0,0.0,0.8
Allan Houston,NYK,26,81,56,25,33.1,14.8,5.4,12.7,42.3,1.8,4.7,38.5,2.2,2.7,80.3,0.5,2.4,3.0,2.2,2.1,0.5,0.2,2.9,21.8,0.0,0.0,1.3
Joe Dumars,DET,34,79,53,26,37.0,14.7,4.9,11.1,44.0,2.1,4.9,43.2,2.8,3.3,86.4,0.5,1.9,2.4,4.0,1.6,0.7,0.0,1.2,24.2,0.0,0.0,4.1
Cedric Ceballos,PHX,27,50,29,21,28.6,14.6,5.6,12.3,45.7,0.5,2.0,25.5,2.8,3.7,74.7,2.0,4.6,6.6,1.3,1.7,0.7,0.5,2.3,26.1,12.0,0.0,2.1
Jeff Hornacek,UTA,34,82,64,18,31.6,14.5,5.0,10.4,48.3,0.9,2.4,36.9,3.6,4.0,89.9,0.7,2.2,2.9,4.4,1.6,1.5,0.3,2.3,28.5,1.0,0.0,9.5
Doug Christie,TOR,27,81,29,52,38.6,14.5,4.9,11.7,41.7,1.8,4.7,38.4,2.9,3.8,77.5,1.0,4.3,5.3,3.9,2.5,2.5,0.6,3.0,33.4,7.0,0.0,-1.5
Todd Day,BOS,27,81,14,67,28.2,14.5,4.9,12.3,39.8,1.6,4.3,36.2,3.2,4.1,77.3,1.3,2.7,4.1,1.4,1.6,1.3,0.6,2.6,25.8,1.0,0.0,-3.6
Chris Mullin,GSW,33,79,27,52,34.6,14.5,5.5,10.0,55.3,1.1,2.6,41.1,2.3,2.7,86.4,0.9,3.1,4.0,4.1,2.4,1.6,0.4,2.0,29.2,3.0,2.0,-3.5
Anthony Peeler,VAN,27,72,12,60,31.8,14.5,5.6,14.0,39.8,1.8,4.8,37.3,1.5,1.8,82.0,0.8,2.7,3.4,3.6,2.2,1.5,0.2,2.3,26.8,1.0,0.0,-6.3
John Stockton,UTA,35,82,64,18,35.3,14.4,5.1,9.3,54.8,0.9,2.2,42.2,3.4,4.0,84.6,0.5,2.2,2.8,10.5,3.0,2.0,0.2,2.4,37.1,41.0,0.0,8.0
Robert Pack,DAL,28,54,12,42,33.0,14.3,5.0,12.8,39.2,0.6,2.1,27.7,3.6,4.5,80.7,0.5,2.2,2.7,8.4,4.0,1.7,0.1,2.6,31.6,13.0,0.0,-5.0
Lindsey Hunter,DET,26,82,54,28,36.9,14.2,5.1,12.7,40.4,2.0,5.7,35.5,1.9,2.5,77.8,0.7,2.1,2.8,1.9,1.2,1.6,0.3,2.5,24.9,0.0,0.0,3.0
Dino Radja,BOS,30,25,6,19,34.9,14.0,6.0,13.6,44.0,0.0,0.0,0.0,2.0,2.8,71.8,1.8,6.7,8.4,1.9,2.8,0.9,1.9,3.0,32.7,7.0,0.0,-2.8
Hersey Hawkins,SEA,30,82,57,25,33.6,13.9,4.5,9.7,46.4,1.7,4.3,40.3,3.1,3.6,87.5,1.1,2.8,3.9,3.0,1.6,1.9,0.1,1.8,27.8,1.0,0.0,6.6
Rex Chapman,PHX,29,65,31,34,28.3,13.8,5.1,11.5,44.3,1.7,4.8,35.0,1.9,2.3,83.2,0.4,2.4,2.8,2.8,1.5,0.8,0.1,1.7,22.6,0.0,0.0,1.5
John Starks,NYK,31,77,55,22,26.6,13.8,4.8,11.1,43.1,1.9,5.3,36.9,2.2,2.9,76.9,0.5,2.2,2.7,2.8,2.1,1.2,0.1,2.5,23.1,0.0,0.0,2.8
Mahmoud Abdul-Rauf,SAC,28,75,32,43,28.5,13.7,5.5,12.3,44.5,1.3,3.3,38.2,1.5,1.8,84.6,0.2,1.4,1.6,2.5,1.6,0.7,0.1,2.3,20.4,0.0,0.0,-2.2
Danny Manning,PHX,31,77,37,40,27.8,13.5,5.5,10.3,53.6,0.1,0.5,19.4,2.4,3.3,72.1,1.8,4.3,6.1,2.2,2.1,1.1,1.0,3.5,28.1,12.0,0.0,1.5
Wesley Person,PHX,26,80,39,41,29.1,13.5,5.1,11.3,45.3,2.1,5.2,41.3,1.1,1.4,79.8,0.9,2.8,3.7,1.5,1.0,1.1,0.3,1.3,23.2,2.0,0.0,1.0
Malik Sealy,LAC,27,80,35,45,30.8,13.5,4.7,11.8,39.6,1.0,2.8,35.6,3.2,3.6,87.6,0.7,2.2,3.0,2.1,1.9,1.6,0.6,2.3,24.6,0.0,0.0,-4.5
Arvydas Sabonis,POR,32,69,43,26,25.5,13.4,4.8,9.5,49.8,0.7,1.9,37.1,3.2,4.2,77.7,1.7,6.3,7.9,2.1,2.2,0.9,1.2,2.9,30.3,15.0,0.0,5.2
Ray Allen,MIL,21,82,33,49,31.0,13.4,4.8,11.1,43.0,1.4,3.6,39.3,2.5,3.0,82.3,1.2,2.8,4.0,2.6,1.8,0.9,0.1,2.7,23.3,0.0,0.0,-0.8
Jayson Williams,NJN,29,41,12,29,34.9,13.4,5.4,13.2,40.9,0.0,0.1,0.0,2.6,4.5,59.0,5.9,7.6,13.5,1.2,2.0,0.6,0.9,3.9,33.9,24.0,0.0,-5.9
Chris Mills,CLE,27,80,41,39,39.6,13.4,5.1,11.2,45.3,1.1,2.8,39.1,2.2,2.6,84.2,1.5,4.7,6.2,2.5,1.5,1.1,0.5,2.8,27.8,8.0,0.0,2.7
Dikembe Mutombo,ATL,31,80,54,26,37.2,13.3,4.8,9.0,52.6,0.0,0.0,0.0,3.8,5.4,70.5,3.4,8.3,11.6,1.4,2.3,0.6,3.3,3.1,38.7,43.0,2.0,5.4
Rodney Rogers,LAC,26,81,35,46,30.5,13.2,5.0,10.9,46.2,0.8,2.2,36.1,2.4,3.6,66.3,1.7,3.4,5.1,2.7,2.7,1.1,0.8,3.4,26.2,4.0,0.0,-1.7
Toni Kukoc,CHI,28,57,50,7,28.3,13.2,5.0,10.6,47.1,0.9,2.6,33.1,2.4,3.1,77.0,1.6,2.9,4.6,4.5,1.6,1.1,0.5,1.7,28.5,5.0,0.0,8.3
Shawn Bradley,DAL,25,73,20,53,31.4,13.2,5.6,12.4,44.9,0.0,0.1,0.0,2.0,3.1,65.4,3.0,5.3,8.4,0.7,1.8,0.5,3.4,3.2,34.3,31.0,3.0,-3.3
Otis Thorpe,DET,34,79,51,28,33.7,13.1,5.3,10.0,53.2,0.0,0.0,0.0,2.5,3.8,65.4,2.9,5.0,7.9,1.7,1.8,0.7,0.2,3.8,26.1,21.0,0.0,3.6
Tyrone Hill,CLE,29,74,40,34,34.9,12.9,4.8,8.0,60.0,0.0,0.0,0.0,3.3,5.1,63.3,3.5,6.4,9.9,1.2,2.0,0.9,0.4,3.6,28.5,34.0,0.0,3.3
Vernon Maxwell,SAS,31,72,18,54,28.8,12.9,4.7,12.6,37.5,1.6,5.2,30.9,1.9,2.5,74.4,0.4,1.8,2.2,2.1,1.7,1.2,0.3,2.3,21.5,0.0,0.0,-4.3
Larry Johnson,NYK,28,76,52,24,34.4,12.8,4.9,9.7,51.2,0.4,1.4,32.4,2.5,3.6,69.3,2.2,3.0,5.2,2.3,1.8,0.9,0.5,3.3,24.7,4.0,0.0,2.0
Vlade Divac,CHH,29,81,53,28,35.1,12.6,5.2,10.5,49.4,0.1,0.6,23.4,2.2,3.2,68.3,3.0,6.0,9.0,3.7,2.4,1.3,2.2,3.4,37.1,32.0,1.0,3.4
Horace Grant,ORL,31,67,35,32,37.2,12.6,5.3,10.4,51.5,0.0,0.1,16.7,1.9,2.7,71.5,3.1,5.9,9.0,2.4,1.5,1.5,1.0,2.3,33.0,21.0,0.0,1.3
Bobby Phills,CLE,27,69,36,33,34.5,12.6,4.8,11.1,42.8,1.2,3.1,39.4,1.8,2.5,71.8,0.9,2.6,3.6,3.4,2.0,1.6,0.3,2.5,25.7,1.0,0.0,1.6
Sasha Danilovic,DAL,27,56,35,21,31.9,12.5,4.4,10.2,43.5,1.5,4.2,36.0,2.2,2.7,80.1,0.5,1.9,2.4,1.8,2.1,1.0,0.2,2.9,19.5,0.0,0.0,1.0
Dana Barros,BOS,30,24,6,18,29.4,12.5,4.6,10.5,43.5,1.8,4.4,41.0,1.5,1.8,86.0,0.2,1.8,2.0,3.4,1.6,1.1,0.3,1.4,22.3,0.0,0.0,-3.9
Olden Polynice,SAC,32,82,34,48,35.2,12.5,5.4,11.8,45.7,0.0,0.1,0.0,1.7,3.1,56.2,3.3,6.1,9.4,2.2,2.0,0.6,1.0,3.6,29.6,33.0,0.0,-2.4
Dennis Scott,ORL,28,66,38,28,32.8,12.5,4.5,11.3,39.8,2.2,5.7,39.4,1.2,1.5,79.2,0.6,2.5,3.1,2.1,1.2,1.1,0.3,2.1,22.4,0.0,0.0,1.7
Vinny Del Negro,SAS,30,72,16,56,31.2,12.3,5.1,10.8,46.7,0.6,1.9,31.4,1.6,1.8,86.8,0.5,2.4,2.9,3.2,1.3,0.8,0.1,1.8,22.1,0.0,0.0,-4.7
Voshon Lenard,MIA,24,73,53,20,28.9,12.3,4.3,9.4,45.9,2.5,6.1,41.4,1.2,1.4,81.9,0.5,2.5,3.0,2.2,1.5,0.7,0.2,2.3,20.5,0.0,0.0,4.6
Clar. Weatherspoon,PHI,26,82,22,60,36.0,12.2,4.9,9.9,49.1,0.0,0.1,16.7,2.5,3.4,73.8,2.7,5.6,8.3,1.7,1.7,0.9,1.0,2.3,28.9,22.0,0.0,-6.0
Nick Anderson,ORL,29,63,39,24,34.4,12.0,4.6,11.5,39.7,2.3,6.4,35.3,0.6,1.5,40.4,1.0,3.8,4.8,2.9,1.4,1.9,0.5,2.5,28.0,2.0,0.0,2.6
Jamal Mashburn,MIA,24,69,34,35,31.3,11.9,4.1,10.8,38.5,1.3,4.0,32.5,2.3,3.3,70.2,1.0,3.3,4.3,2.9,1.7,1.1,0.2,2.7,23.7,2.0,0.0,0.8
Mario Elie,HOU,33,78,54,24,34.5,11.7,3.7,7.5,49.7,1.5,3.7,42.0,2.7,3.0,89.6,0.8,2.2,3.0,4.0,1.7,1.2,0.2,2.6,23.5,2.0,0.0,4.4
Corliss Williamson,SAC,23,79,32,47,25.1,11.6,4.7,9.4,49.8,0.0,0.0,0.0,2.2,3.2,68.9,1.8,2.4,4.1,1.6,2.0,0.8,0.6,3.3,21.0,5.0,0.0,-2.1
Mark Price,GSW,33,70,26,44,26.8,11.3,3.8,8.4,44.7,1.6,4.0,39.6,2.2,2.4,90.6,0.5,2.0,2.6,4.9,2.3,1.0,0.0,1.4,22.4,2.0,0.0,-1.6
Kevin Willis,HOU,34,75,51,24,26.2,11.2,4.7,9.7,48.1,0.0,0.2,14.3,1.9,2.7,69.3,1.9,5.5,7.5,0.9,1.6,0.6,0.4,2.9,23.0,21.0,0.0,0.3
Ricky Pierce,CHH,37,60,31,29,20.9,11.0,4.0,8.3,48.1,0.7,1.6,44.2,2.3,2.6,89.7,0.6,1.4,2.0,1.3,1.1,0.5,0.2,1.6,16.1,0.0,0.0,-0.3
Sam Perkins,SEA,36,81,57,24,24.4,11.0,3.6,8.2,43.9,1.5,3.8,39.5,2.3,2.8,81.7,0.9,2.8,3.7,1.3,1.0,0.9,0.6,1.7,20.7,0.0,0.0,4.8
Billy Owens,SAC,28,66,26,40,30.2,11.0,4.5,9.7,46.7,0.4,1.1,34.7,1.5,2.2,69.7,2.0,3.9,5.9,2.8,2.0,0.9,0.4,2.8,24.3,9.0,0.0,-1.6
Jason Kidd,PHX,24,55,31,24,35.7,10.9,3.9,9.6,40.3,1.1,3.0,37.0,2.0,3.0,67.9,1.2,3.4,4.5,9.0,2.6,2.3,0.4,2.1,35.1,15.0,2.0,1.5
Darrick Martin,LAC,26,82,36,46,22.2,10.9,3.6,8.8,40.7,1.1,2.9,38.9,2.7,3.0,87.2,0.3,1.1,1.4,4.1,1.5,0.7,0.0,2.0,19.4,0.0,0.0,-1.3
Don MacLean,PHI,27,37,11,26,19.8,10.9,4.4,9.9,44.7,0.3,1.0,31.6,1.7,2.6,66.0,1.1,2.7,3.8,1.0,1.3,0.3,0.3,1.9,17.4,1.0,0.0,-1.6
Terry Mills,DET,29,79,52,27,25.3,10.8,3.9,8.9,44.4,2.2,5.3,42.2,0.7,0.9,82.9,0.9,3.9,4.8,1.3,1.1,0.4,0.3,2.0,19.7,3.0,0.0,6.0
Dan Majerle,MIA,31,36,27,9,35.1,10.8,3.9,9.6,40.6,1.9,5.6,33.8,1.1,1.6,67.8,1.3,3.3,4.5,3.2,1.4,1.5,0.4,2.1,25.3,1.0,0.0,3.4
Charles Oakley,NYK,33,80,55,25,35.9,10.8,4.2,8.7,48.8,0.1,0.2,26.3,2.3,2.8,80.8,3.1,6.7,9.8,2.8,2.1,1.4,0.3,3.8,29.5,29.0,0.0,1.3
Bryon Russell,UTA,26,81,63,18,31.3,10.8,3.7,7.7,47.9,1.3,3.3,40.9,2.1,3.0,70.1,1.0,3.1,4.1,1.5,1.2,1.6,0.3,2.9,22.6,3.0,0.0,8.4
Gary Trent,POR,22,82,49,33,23.4,10.8,4.4,8.2,53.6,0.0,0.1,0.0,2.0,2.8,69.9,1.9,3.3,5.2,1.1,1.6,0.6,0.4,2.3,20.1,6.0,0.0,0.9
Gheorghe Muresan,WAS,26,73,39,34,25.2,10.6,4.5,7.4,60.4,0.0,0.0,0.0,1.7,2.7,61.8,1.9,4.7,6.6,0.4,1.6,0.6,1.3,3.2,23.3,8.0,0.0,3.2
Danny Ferry,CLE,30,82,42,40,32.1,10.6,4.2,9.7,42.9,1.4,3.5,40.1,0.9,1.1,85.1,1.0,3.1,4.1,1.8,1.1,0.7,0.4,3.0,20.4,0.0,0.0,1.8
Erick Strickland,DAL,23,28,8,20,27.1,10.6,3.6,9.1,39.8,1.0,3.3,30.4,2.3,2.9,81.3,0.8,2.5,3.2,2.4,2.4,1.0,0.2,2.7,19.2,0.0,0.0,-2.5
Gerald Wilkins,ORL,33,80,44,36,27.6,10.6,4.0,9.5,42.6,0.8,2.5,32.5,1.7,2.4,71.6,0.7,1.4,2.2,2.2,1.5,0.7,0.2,1.8,17.4,0.0,0.0,-2.7
Calbert Cheaney,WAS,25,79,42,37,30.6,10.6,4.7,9.2,50.5,0.1,0.4,13.3,1.2,1.7,69.3,0.9,2.5,3.4,1.4,1.2,1.0,0.2,2.9,19.2,1.0,0.0,0.7
Avery Johnson,SAS,32,76,19,57,32.5,10.5,4.3,9.0,47.7,0.1,0.3,23.1,1.8,2.7,69.0,0.4,1.5,1.9,6.8,1.9,1.3,0.2,2.1,25.4,11.0,0.0,-4.9
Brian Grant,SAC,25,24,9,15,25.4,10.5,3.8,8.6,44.0,0.0,0.0,0.0,2.9,3.8,77.8,2.0,3.9,5.9,1.2,1.8,0.8,1.0,3.1,23.0,4.0,0.0,-4.0
Antonio Davis,IND,28,82,39,43,28.5,10.5,3.8,7.8,48.1,0.0,0.2,7.1,2.9,4.4,66.6,2.3,5.0,7.3,0.8,1.7,0.5,1.0,3.2,23.3,20.0,0.0,1.3
Dale Davis,IND,28,80,39,41,32.4,10.4,4.6,8.6,53.8,0.0,0.0,0.0,1.2,2.7,42.8,3.8,5.9,9.7,0.7,1.4,0.8,1.0,2.9,26.9,27.0,0.0,0.1
George McCloud,LAL,30,64,28,36,23.3,10.2,3.7,9.0,41.1,1.5,4.0,38.7,1.3,1.6,82.2,0.6,2.2,2.8,1.7,0.9,1.0,0.1,2.0,18.4,0.0,0.0,-1.2
Derek Harper,DAL,35,75,23,52,29.5,10.0,4.0,9.0,44.4,0.8,2.3,34.1,1.3,1.7,74.2,0.4,1.4,1.8,4.3,1.8,1.2,0.2,1.9,21.1,3.0,0.0,-3.9
Tracy Murray,WAS,25,82,44,38,22.2,10.0,3.5,8.3,42.5,1.3,3.7,35.3,1.6,2.0,83.9,1.0,2.1,3.1,1.0,1.0,0.9,0.2,1.8,17.3,1.0,0.0,1.1
Travis Best,IND,24,76,35,41,27.2,9.9,3.6,8.2,44.2,0.8,2.0,36.8,2.0,2.6,75.6,0.5,1.7,2.2,4.2,2.0,1.3,0.1,2.9,20.9,1.0,0.0,1.3
Mark Jackson,IND,32,82,31,51,37.2,9.9,3.5,8.3,42.6,0.8,2.2,37.1,2.0,2.6,78.9,1.1,3.7,4.8,11.4,3.3,1.2,0.1,2.0,33.4,34.0,4.0,-0.8
Carlos Rogers,TOR,26,56,17,39,24.9,9.8,3.8,7.2,52.5,0.4,1.2,37.9,1.8,3.0,60.0,2.1,3.3,5.4,0.7,0.9,0.8,1.2,2.5,22.3,4.0,0.0,-2.7
Sherman Douglas,MIL,30,79,33,46,29.3,9.7,3.9,7.7,50.2,0.5,1.4,33.3,1.4,2.2,66.7,0.7,1.7,2.4,5.4,1.9,1.0,0.1,2.4,22.1,2.0,0.0,-1.5
Ike Austin,MIA,27,82,61,21,22.9,9.7,3.9,7.8,50.2,0.0,0.0,0.0,1.8,2.8,66.4,1.7,4.2,5.8,1.2,2.0,0.5,0.5,3.0,19.8,11.0,0.0,1.4
Greg Minor,BOS,25,23,6,17,23.8,9.6,4.1,8.5,48.0,0.0,0.3,12.5,1.3,1.6,86.1,1.3,2.2,3.5,1.5,1.0,0.7,0.1,2.0,17.2,0.0,0.0,-0.7
Tyrone Corbin,ATL,34,70,49,21,33.0,9.5,3.6,8.6,42.2,1.1,3.0,35.6,1.2,1.5,79.6,1.1,3.1,4.2,1.8,1.2,1.3,0.1,2.5,20.2,1.0,0.0,6.0
P.J. Brown,MIA,27,80,59,21,32.4,9.5,3.8,8.2,45.7,0.0,0.0,0.0,2.0,2.8,73.2,3.0,5.4,8.4,1.2,1.4,1.1,1.2,3.5,26.7,23.0,0.0,4.3
Stanley Roberts,LAC,27,18,7,11,21.0,9.5,3.5,8.2,42.6,0.0,0.0,0.0,2.5,3.6,70.3,1.3,3.7,5.1,0.5,1.3,0.4,1.3,3.2,20.2,1.0,0.0,2.1
Greg Anthony,VAN,29,65,9,56,28.6,9.5,3.1,7.8,39.3,1.4,3.7,37.0,2.0,2.7,73.0,0.4,2.4,2.8,6.3,2.0,2.0,0.1,1.9,26.5,5.0,0.0,-4.8
Matt Maloney,HOU,25,82,57,25,29.1,9.4,3.3,7.5,44.1,1.9,4.6,40.4,0.9,1.1,76.3,0.2,1.7,2.0,3.7,1.5,1.0,0.0,1.5,18.8,2.0,0.0,4.0
Sam Mitchell,MIN,33,82,40,42,25.0,9.3,3.3,7.4,44.6,0.0,0.3,16.0,2.7,3.6,75.9,1.4,2.6,4.0,1.0,1.1,0.6,0.2,2.8,17.0,2.0,0.0,-2.4
Chris Childs,NYK,29,65,42,23,31.9,9.3,3.2,7.8,41.4,1.1,2.8,38.7,1.7,2.3,75.8,0.3,2.6,2.9,6.1,2.8,1.2,0.2,3.3,23.4,4.0,1.0,2.5
Mark Bryant,PHX,32,41,19,22,24.8,9.3,3.7,6.7,55.3,0.0,0.0,0.0,1.9,2.6,70.4,1.6,3.5,5.2,1.1,1.1,0.5,0.1,3.3,18.0,1.0,0.0,1.3
Bob Sura,CLE,24,82,42,40,27.7,9.2,3.1,7.2,43.1,0.6,2.0,32.3,2.4,3.9,61.4,0.9,2.8,3.8,4.8,2.2,1.1,0.4,2.7,23.2,5.0,0.0,0.1
Luc Longley,CHI,28,59,49,10,25.0,9.1,3.7,8.2,45.6,0.0,0.0,0.0,1.6,2.0,79.2,2.1,3.6,5.6,2.4,1.9,0.4,1.1,3.2,22.1,2.0,0.0,5.0
Monty Williams,SAS,25,65,17,48,20.7,9.0,3.6,7.1,50.9,0.0,0.0,0.0,1.8,2.9,64.5,1.5,1.7,3.2,1.4,1.8,0.8,0.8,2.5,18.1,1.0,0.0,-2.4
Matt Geiger,CHH,27,49,34,15,21.3,8.9,3.5,7.1,48.9,0.1,0.4,30.0,1.8,2.6,70.1,2.0,3.2,5.3,0.8,1.4,0.4,0.6,3.1,17.9,4.0,0.0,0.2
Johnny Newman,MIL,33,82,33,49,25.1,8.7,3.0,6.7,45.0,0.4,1.2,34.7,2.3,3.0,76.5,0.8,1.5,2.3,1.4,1.4,0.9,0.2,3.1,15.5,0.0,0.0,-0.1
Will Perdue,SAS,31,65,16,49,29.5,8.7,3.6,6.3,56.8,0.0,0.0,0.0,1.5,2.6,57.9,3.9,6.0,9.8,0.6,1.3,0.5,1.6,2.8,26.2,14.0,0.0,-2.8
Armen Gilliam,MIL,33,80,33,47,25.7,8.6,3.1,6.5,47.1,0.0,0.0,0.0,2.5,3.2,76.8,1.7,4.5,6.2,0.7,1.3,0.8,0.5,2.6,19.6,12.0,0.0,-1.7
Derek Strong,ORL,29,82,45,37,24.5,8.5,3.2,7.1,44.7,0.0,0.2,0.0,2.1,2.7,80.3,2.1,4.2,6.3,0.9,1.2,0.6,0.2,2.4,18.7,7.0,0.0,-0.3
Mark Davis,PHI,24,75,20,55,22.8,8.5,3.3,7.1,46.9,0.3,1.2,25.8,1.5,2.2,67.3,1.8,2.5,4.3,1.8,1.6,1.1,0.4,3.1,19.5,4.0,0.0,-3.8
George Lynch,VAN,26,41,8,33,25.8,8.3,3.3,7.1,47.1,0.2,0.8,25.8,1.5,2.4,61.9,2.4,4.0,6.4,1.9,1.6,1.5,0.4,2.4,23.1,5.0,0.0,-4.4
James Robinson,MIN,26,69,33,36,19.0,8.3,2.8,7.0,40.7,1.5,3.9,38.2,1.1,1.7,68.4,0.3,1.3,1.6,1.8,1.0,0.4,0.1,1.8,13.6,0.0,0.0,-1.0
Terry Cummings,SEA,36,45,31,14,18.3,8.2,3.4,7.1,48.6,0.1,0.1,60.0,1.3,1.8,69.5,1.6,2.5,4.1,0.9,1.0,0.7,0.2,2.5,16.1,0.0,0.0,0.8
Khalid Reeves,DAL,24,63,19,44,22.7,8.2,2.9,7.5,39.1,1.3,3.6,36.6,1.0,1.4,74.7,0.5,1.3,1.9,3.6,1.7,0.5,0.1,2.5,16.2,3.0,0.0,-4.0
Eddie Johnson,HOU,38,52,32,20,17.5,8.2,3.1,7.0,44.2,0.9,2.5,37.4,1.1,1.3,80.9,0.5,2.1,2.7,1.0,0.9,0.3,0.0,1.6,12.9,1.0,0.0,1.5
Steve Kerr,CHI,31,82,69,13,22.7,8.1,3.0,5.7,53.3,1.3,2.9,46.4,0.7,0.8,80.6,0.4,1.2,1.6,2.1,0.5,0.8,0.0,1.2,15.2,0.0,0.0,4.9
Muggsy Bogues,CHH,32,65,46,19,28.9,8.0,3.1,6.8,46.0,0.9,2.2,41.7,0.8,1.0,84.4,0.4,1.8,2.2,7.2,1.7,1.3,0.0,1.8,23.7,9.0,0.0,3.0
Derrick McKey,IND,30,50,24,26,28.9,8.0,3.0,7.6,39.1,0.3,1.2,25.9,1.8,2.5,72.4,1.6,3.2,4.8,2.7,1.7,0.9,0.6,2.8,20.8,2.0,0.0,-0.3
Dean Garrett,MIN,30,68,30,38,24.5,8.0,3.3,5.7,57.3,0.0,0.0,0.0,1.4,2.0,69.6,2.2,5.1,7.3,0.6,0.5,0.6,1.4,2.3,23.0,14.0,0.0,0.5
Carl Herrera,SAS,30,75,17,58,24.4,8.0,3.4,7.9,43.3,0.0,0.1,33.3,1.1,1.6,68.6,1.6,3.0,4.5,0.7,1.3,0.8,0.7,2.9,17.7,4.0,0.0,-4.4
Hot Rod Williams,PHX,34,68,40,28,31.4,8.0,3.0,6.1,49.0,0.0,0.0,0.0,2.0,2.9,67.2,2.6,5.6,8.3,1.5,1.0,1.0,1.3,2.6,25.9,13.0,0.0,1.7
B.J. Armstrong,GSW,29,49,19,30,20.8,7.9,3.0,6.7,45.3,0.5,1.8,27.8,1.4,1.6,86.1,0.1,1.3,1.5,2.6,1.1,0.5,0.0,1.1,14.2,0.0,0.0,-3.0
Blue Edwards,VAN,31,61,9,52,23.5,7.8,3.0,7.5,39.7,0.4,1.5,28.1,1.5,1.8,81.7,0.8,2.3,3.1,1.9,1.3,0.6,0.3,2.2,15.9,0.0,0.0,-5.1
Robert Horry,LAL,26,54,25,29,25.8,7.8,2.9,6.7,43.6,0.9,2.9,31.8,1.1,1.7,66.7,1.3,3.1,4.4,2.0,1.3,1.2,1.0,2.8,21.5,2.0,0.0,1.7
Doug West,MIN,30,68,31,37,28.3,7.8,3.3,7.1,46.7,0.2,0.7,33.3,0.9,1.4,68.1,0.5,1.6,2.2,1.7,1.0,0.9,0.4,3.2,15.7,0.0,0.0,-2.2
Reggie Slater,TOR,26,26,8,18,15.6,7.8,3.2,5.7,55.0,0.0,0.1,0.0,1.5,2.9,52.0,1.5,2.1,3.7,0.8,1.1,0.3,0.2,1.3,14.0,2.0,0.0,0.1
Popeye Jones,TOR,27,79,30,49,30.7,7.8,3.3,6.8,48.0,0.0,0.2,7.7,1.3,1.5,81.8,3.4,5.2,8.6,1.1,1.5,0.7,0.5,3.4,22.0,21.0,0.0,-1.3
Marty Conlon,BOS,29,74,13,61,21.8,7.8,2.9,6.1,47.1,0.0,0.1,20.0,1.9,2.3,84.2,1.7,2.6,4.4,1.4,1.5,0.6,0.2,2.1,16.2,5.0,0.0,-3.2
Bo Outlaw,LAC,26,82,36,46,26.8,7.6,3.1,5.1,60.9,0.0,0.1,0.0,1.4,2.8,50.4,2.1,3.4,5.5,1.9,1.3,1.1,1.7,2.8,24.5,5.0,0.0,2.0
Dee Brown,BOS,28,21,4,17,24.9,7.6,2.9,7.9,36.7,1.0,3.1,30.8,0.9,1.0,81.8,0.4,1.9,2.3,3.2,1.1,1.5,0.3,2.1,19.4,0.0,0.0,-3.1
Kobe Bryant,LAL,18,71,48,23,15.5,7.6,2.5,5.9,41.7,0.7,1.9,37.5,1.9,2.3,81.9,0.7,1.2,1.9,1.3,1.6,0.7,0.3,1.4,13.2,0.0,0.0,0.8
Brent Barry,LAC,25,59,24,35,18.6,7.5,2.6,6.4,40.9,0.9,2.9,32.4,1.3,1.6,81.7,0.5,1.4,1.9,2.6,1.3,0.9,0.3,1.5,15.7,1.0,0.0,1.7
Lamond Murray,LAC,24,74,31,43,17.5,7.4,2.4,5.9,41.6,0.4,1.2,34.1,2.1,2.9,73.9,1.1,2.0,3.1,0.8,1.2,0.7,0.4,1.5,14.5,2.0,0.0,0.0
Antoine Carr,UTA,35,82,64,18,17.8,7.4,3.1,6.4,48.3,0.0,0.0,0.0,1.2,1.5,78.0,0.7,1.6,2.4,0.9,0.9,0.3,0.8,2.6,13.8,0.0,0.0,1.1
Jason Caffey,CHI,24,75,62,13,18.8,7.3,2.7,5.1,53.2,0.0,0.0,0.0,1.9,2.8,65.9,1.8,2.2,4.0,1.2,1.3,0.3,0.1,2.0,14.0,3.0,0.0,2.7
Jalen Rose,IND,24,66,31,35,18.0,7.3,2.6,5.7,45.6,0.3,1.1,29.2,1.8,2.4,75.0,0.4,1.4,1.8,2.3,1.6,0.9,0.3,2.1,14.8,0.0,0.0,0.3
Lorenzen Wright,LAC,21,77,35,42,25.2,7.3,3.1,6.4,48.1,0.0,0.1,25.0,1.1,2.0,57.9,2.7,3.4,6.1,0.6,1.0,0.6,0.8,2.7,18.8,12.0,0.0,-2.2
Donyell Marshall,GSW,24,61,19,42,16.8,7.3,2.9,6.9,41.3,0.6,1.8,31.5,1.0,1.6,62.2,1.5,3.0,4.5,0.9,0.9,0.4,0.8,1.6,16.6,3.0,0.0,-2.9
Greg Ostertag,UTA,24,77,60,17,23.6,7.3,2.7,5.3,51.5,0.0,0.1,0.0,1.8,2.7,67.8,2.3,5.0,7.3,0.4,1.0,0.3,2.0,3.0,22.5,13.0,0.0,7.3
Cory Alexander,SAS,24,80,20,60,18.1,7.2,2.4,6.1,39.6,1.2,3.2,37.3,1.2,1.6,73.6,0.4,1.2,1.5,3.2,1.8,1.0,0.2,1.9,15.7,4.0,0.0,-3.7
A.C. Green,DAL,33,83,23,60,30.1,7.2,2.8,5.8,48.3,0.0,0.2,5.0,1.5,2.4,65.0,2.7,5.2,7.9,0.8,0.9,0.8,0.2,1.7,20.1,16.0,0.0,-4.2
Tony Massenburg,NJN,29,79,26,53,24.7,7.2,2.8,5.7,48.5,0.0,0.0,0.0,1.6,2.6,63.1,2.8,3.7,6.5,0.3,1.2,0.5,0.6,2.7,17.7,11.0,0.0,-3.3
Brian Shaw,ORL,31,77,41,36,24.3,7.2,2.5,6.7,36.6,0.8,2.5,32.5,1.4,1.8,79.3,0.6,1.9,2.5,4.1,2.2,0.9,0.3,2.6,17.8,2.0,0.0,-4.5
Ervin Johnson,DEN,29,82,21,61,31.7,7.1,3.0,5.7,52.0,0.0,0.0,0.0,1.2,1.9,61.5,2.8,8.3,11.1,0.9,1.4,0.8,2.8,3.5,31.0,17.0,0.0,-3.8
Bison Dele,CHI,28,9,6,3,15.3,7.0,2.9,7.0,41.3,0.0,0.0,0.0,1.2,1.7,73.3,1.6,2.1,3.7,1.3,1.2,0.3,0.6,2.2,14.8,0.0,0.0,-0.4
Tyus Edney,SAC,24,70,31,39,19.7,6.9,2.1,5.6,38.4,0.1,0.6,19.0,2.5,3.1,82.3,0.5,1.1,1.6,3.2,1.6,0.9,0.0,1.4,14.8,1.0,0.0,-1.0
Terry Porter,MIN,34,82,40,42,19.2,6.9,2.3,5.5,41.6,0.8,2.4,33.5,1.5,2.0,76.5,0.4,1.8,2.1,3.6,1.6,0.7,0.1,1.3,15.7,4.0,0.0,0.6
Elliot Perry,MIL,28,82,33,49,19.5,6.9,2.6,5.6,47.4,0.6,1.7,35.8,1.0,1.3,74.5,0.3,1.2,1.5,3.0,1.4,1.2,0.0,1.4,15.6,0.0,0.0,-0.4
Sarunas Marciulionis,DEN,33,17,5,12,15.1,6.8,2.2,5.9,37.6,0.6,1.8,36.7,1.7,2.1,80.6,0.7,1.1,1.8,1.5,2.4,0.7,0.1,2.2,11.1,0.0,0.0,-2.2
Rex Walters,PHI,27,59,18,41,17.7,6.8,2.5,5.5,45.5,1.0,2.5,38.5,0.8,1.1,79.0,0.4,1.5,1.8,1.9,1.0,0.5,0.1,1.3,12.4,1.0,0.0,-3.2
Jerome Kersey,LAL,35,70,48,22,25.2,6.8,2.8,6.4,43.2,0.2,0.9,26.2,1.0,1.7,60.2,1.6,3.6,5.2,1.3,1.1,1.7,0.7,3.1,21.1,4.0,0.0,2.3
Henry James,ATL,31,53,39,14,17.9,6.7,2.4,5.8,41.0,1.4,3.4,42.2,0.6,0.7,83.3,0.5,1.0,1.5,0.4,0.5,0.2,0.0,1.8,9.3,0.0,0.0,0.6
Lawrence Moten,VAN,25,67,11,56,18.2,6.7,2.6,6.6,38.8,0.6,2.1,29.1,1.0,1.5,64.6,0.6,1.1,1.8,1.9,1.2,0.7,0.4,1.2,13.7,0.0,0.0,-3.4
Byron Scott,LAL,36,79,54,25,18.2,6.7,2.1,4.8,43.0,0.9,2.4,38.8,1.6,1.9,84.1,0.3,1.2,1.5,1.3,0.7,0.6,0.2,0.9,12.0,0.0,0.0,2.5
Brooks Thompson,DEN,26,67,18,49,15.8,6.6,2.4,6.1,39.9,1.4,3.6,39.8,0.4,0.6,63.2,0.3,1.2,1.4,2.7,1.3,0.8,0.0,1.9,13.6,1.0,0.0,-1.7
Alan Henderson,ATL,24,30,20,10,16.6,6.6,2.6,5.4,47.5,0.0,0.0,0.0,1.5,2.5,60.0,1.6,2.3,3.9,0.8,1.0,0.7,0.2,2.4,14.2,2.0,0.0,-2.7
Roy Rogers,VAN,23,82,14,68,22.6,6.6,3.0,5.9,50.5,0.0,0.0,100,0.7,1.1,57.4,1.7,3.0,4.7,0.6,1.0,0.3,2.0,2.6,18.8,2.0,0.0,-6.0
Michael Smith,SAC,25,81,34,47,31.1,6.6,2.5,4.6,53.9,0.0,0.0,0.0,1.6,3.2,49.6,3.2,6.3,9.5,2.4,1.6,1.0,0.7,3.1,25.2,12.0,0.0,-1.1
Wayman Tisdale,PHX,33,53,25,28,14.7,6.5,3.0,7.0,42.6,0.0,0.0,0.0,0.6,0.9,62.5,0.7,1.6,2.3,0.4,0.7,0.2,0.4,2.1,10.8,0.0,0.0,-1.3
Sharone Wright,TOR,24,60,23,37,16.8,6.5,2.7,6.7,40.0,0.0,0.0,0.0,1.1,2.2,51.1,1.3,1.8,3.1,0.5,1.6,0.3,0.8,2.4,12.6,2.0,0.0,-3.2
Zan Tabak,TOR,27,13,6,7,16.7,6.5,2.5,5.5,45.1,0.0,0.0,0.0,1.5,2.2,69.0,1.5,2.2,3.8,1.1,1.6,0.5,0.8,2.7,14.9,0.0,0.0,-3.4
Anthony Goldwire,DEN,25,60,22,38,19.9,6.5,2.2,5.5,39.7,1.1,2.6,41.8,1.0,1.3,78.2,0.2,1.2,1.4,3.7,1.3,0.6,0.0,1.7,14.1,3.0,0.0,-1.2
Terry Dehere,LAC,25,73,30,43,14.4,6.4,2.0,5.2,38.6,0.7,2.2,32.5,1.7,2.0,82.4,0.2,1.1,1.3,2.2,1.3,0.4,0.0,1.9,11.2,0.0,0.0,0.3
Duane Ferrell,IND,32,62,33,29,18.0,6.4,2.6,5.4,47.2,0.3,0.7,40.9,0.9,1.5,61.7,0.9,1.4,2.3,1.1,0.9,0.6,0.1,1.9,11.9,0.0,0.0,0.5
Ron Harper,CHI,33,76,64,12,22.9,6.3,2.3,5.3,43.6,0.9,2.5,36.2,0.8,1.1,70.7,0.6,1.9,2.5,2.5,0.7,1.1,0.5,1.8,17.4,0.0,0.0,5.5
Buck Williams,NYK,37,74,53,21,20.3,6.3,2.4,4.4,53.7,0.0,0.0,0.0,1.6,2.4,64.2,2.2,3.1,5.4,0.7,1.1,0.5,0.5,2.8,15.9,4.0,0.0,1.9
Kurt Thomas,MIA,24,18,10,8,20.8,6.3,2.2,5.8,37.1,0.0,0.1,0.0,1.9,2.6,76.1,1.7,4.2,5.9,0.5,1.4,0.7,0.5,3.7,16.3,1.0,0.0,-0.7
Kenny Smith,DEN,32,48,16,32,15.9,6.3,2.1,5.0,42.3,1.2,2.8,43.7,0.8,0.9,86.7,0.1,0.8,0.9,2.4,1.5,0.4,0.0,0.6,10.7,0.0,0.0,-4.4
Tom Hammonds,DEN,30,81,21,60,21.7,6.2,2.4,4.9,48.0,0.0,0.0,0.0,1.5,2.1,72.1,1.7,3.3,5.0,0.8,1.1,0.2,0.3,2.5,13.8,2.0,0.0,-3.0
Willie Burton,ATL,29,24,15,9,15.9,6.2,1.6,4.8,33.6,0.5,1.9,28.3,2.4,2.8,83.8,0.5,1.3,1.7,0.5,1.1,0.3,0.1,2.3,9.2,0.0,0.0,-2.4
Aaron Williams,VAN,25,33,4,29,17.0,6.2,2.6,4.5,57.4,0.0,0.0,0.0,1.0,1.5,67.3,1.9,2.5,4.3,0.5,1.0,0.5,0.9,2.2,15.2,0.0,0.0,-3.2
Darrell Armstrong,ORL,29,67,34,33,15.1,6.1,2.0,5.1,38.3,0.8,2.7,30.4,1.4,1.6,86.8,0.5,0.6,1.1,2.6,1.5,0.9,0.1,1.7,13.1,1.0,0.0,0.5
Chris Carr,MIN,23,55,28,27,15.0,6.1,2.3,4.9,46.1,0.6,1.6,35.2,1.0,1.3,76.7,0.6,1.5,2.1,0.9,0.7,0.4,0.2,1.7,11.1,0.0,0.0,0.9
Bimbo Coles,GSW,29,51,19,32,23.2,6.1,2.4,6.2,38.9,0.6,2.0,29.4,0.7,1.0,75.5,0.8,1.5,2.3,2.9,1.2,0.7,0.1,1.9,14.6,0.0,0.0,-2.9
Eric Piatkowski,LAC,26,65,28,37,11.5,6.0,2.1,4.6,45.0,0.8,1.8,42.5,1.1,1.3,82.1,0.8,0.9,1.6,0.8,0.7,0.5,0.2,1.3,10.4,0.0,0.0,1.0
Shandon Anderson,UTA,23,65,56,9,16.4,5.9,2.3,4.9,46.2,0.4,0.7,51.1,1.0,1.5,68.7,0.8,2.0,2.8,0.8,1.1,0.4,0.1,1.7,10.9,0.0,0.0,0.6
Kevin Edwards,NJN,31,32,10,22,14.9,5.9,2.2,5.7,37.7,0.5,1.3,34.9,1.2,1.3,86.0,0.3,1.1,1.3,1.8,1.5,0.5,0.1,1.1,10.7,0.0,0.0,-2.7
Reggie Williams,NJN,33,13,3,10,15.3,5.8,2.2,5.8,38.2,0.7,2.6,26.5,0.7,0.9,75.0,0.4,2.0,2.4,0.8,0.9,0.6,0.3,2.5,11.7,0.0,0.0,-4.4
Scott Williams,PHI,29,62,18,44,21.3,5.8,2.6,5.1,50.9,0.0,0.0,0.0,0.6,0.9,69.1,2.5,3.9,6.4,0.7,0.8,0.7,0.7,3.3,17.8,4.0,0.0,-2.0
Vitaly Potapenko,CLE,22,80,40,40,15.5,5.8,2.3,5.3,44.0,0.0,0.0,50.0,1.2,1.6,73.6,1.3,1.4,2.7,0.5,1.4,0.3,0.4,2.7,10.7,0.0,0.0,-0.5
Melvin Booker,GSW,24,21,8,13,20.3,5.8,2.2,5.0,43.8,0.6,1.8,32.4,0.9,1.0,90.0,0.3,1.0,1.4,2.5,1.3,0.1,0.1,1.3,10.7,0.0,0.0,-1.1
Theo Ratliff,DET,24,76,48,28,17.0,5.8,2.4,4.4,53.1,0.0,0.0,0.0,1.1,1.5,69.8,1.4,1.9,3.4,0.2,0.7,0.4,1.5,2.4,14.9,2.0,0.0,1.7
Eldridge Recasner,ATL,29,71,48,23,16.9,5.7,2.1,4.9,42.3,0.8,2.0,41.4,0.7,0.8,87.9,0.5,1.1,1.6,1.3,0.9,0.5,0.1,1.4,10.5,0.0,0.0,-0.5
Dennis Rodman,CHI,36,55,48,7,35.4,5.7,2.3,5.2,44.8,0.1,0.3,26.3,0.9,1.6,56.8,5.8,10.2,16.1,3.1,2.0,0.6,0.3,3.1,30.3,11.0,0.0,10.4
Sam Mack,HOU,27,52,34,18,17.4,5.6,2.0,5.0,40.1,0.9,2.7,33.1,0.7,0.8,83.3,0.4,1.7,2.0,1.1,0.8,0.6,0.1,1.3,10.9,0.0,0.0,-0.6
Pooh Richardson,LAC,31,59,27,32,18.1,5.6,2.2,5.8,38.1,0.7,2.2,32.8,0.4,0.7,60.5,0.4,1.2,1.7,2.9,1.1,0.9,0.1,1.4,13.8,0.0,0.0,-1.4
Xavier McDaniel,NJN,34,62,19,43,18.9,5.6,2.2,5.7,38.9,0.1,0.4,20.0,1.0,1.4,73.0,2.0,3.1,5.1,1.0,1.1,0.6,0.3,2.3,14.7,4.0,0.0,0.1
Vincent Askew,DEN,31,43,19,24,19.5,5.6,1.9,4.3,43.5,0.2,0.6,29.2,1.6,2.0,79.5,0.6,1.7,2.3,2.1,1.1,0.4,0.1,2.9,12.0,0.0,0.0,-0.8
Haywoode Workman,IND,31,4,1,3,20.1,5.5,2.8,5.0,55.0,0.0,0.8,0.0,0.0,0.3,0.0,1.0,0.8,1.8,2.8,1.3,0.8,0.0,2.5,12.7,0.0,0.0,-4.3
Tony Delk,CHH,23,61,39,22,14.2,5.4,2.0,4.2,46.5,0.9,1.8,46.4,0.7,0.8,82.4,0.5,1.1,1.6,1.6,1.1,0.6,0.1,1.2,10.8,1.0,0.0,0.2
Lucious Harris,PHI,26,54,13,41,15.0,5.4,2.1,5.4,38.1,0.7,1.8,36.4,0.6,0.9,70.2,0.5,0.8,1.3,0.9,0.6,0.8,0.1,0.8,10.2,0.0,0.0,-1.4
Andrew DeClercq,GSW,24,71,26,45,15.0,5.3,2.0,3.8,52.0,0.0,0.0,0.0,1.3,2.1,60.3,1.7,2.5,4.2,0.5,1.1,0.5,0.4,3.2,12.5,3.0,0.0,-1.5
Andrew Lang,MIL,31,52,24,28,23.0,5.3,2.2,4.8,46.4,0.0,0.0,0.0,0.8,1.2,72.1,1.8,3.5,5.3,0.5,0.8,0.5,0.9,2.7,15.9,2.0,0.0,-0.7
Chris Whitney,WAS,25,82,44,38,13.6,5.2,1.7,4.0,42.1,0.7,2.0,35.6,1.1,1.4,83.2,0.2,1.1,1.3,2.2,0.8,0.6,0.0,1.2,11.2,0.0,0.0,0.5
Aaron McKie,DET,24,83,48,35,19.6,5.2,1.8,4.4,41.1,0.5,1.2,39.8,1.1,1.3,83.6,0.5,2.2,2.7,1.9,1.1,0.9,0.3,1.6,13.8,1.0,0.0,1.6
Scott Burrell,GSW,26,57,25,32,16.5,5.2,1.7,4.8,36.4,0.7,2.0,35.3,1.0,1.3,75.0,0.9,1.9,2.8,1.3,0.9,0.5,0.3,2.1,12.0,0.0,0.0,0.4
Charlie Ward,NYK,26,79,56,23,22.3,5.2,1.7,4.3,39.5,0.6,1.9,31.2,1.2,1.6,76.0,0.6,2.2,2.8,4.1,1.9,1.1,0.2,2.4,16.6,2.0,0.0,1.1
Erick Dampier,IND,21,72,37,35,14.6,5.1,1.8,4.7,39.0,0.0,0.0,100,1.5,2.3,63.7,1.3,2.8,4.1,0.6,1.2,0.3,1.0,2.1,13.6,2.0,0.0,-1.1
Lee Mayberry,VAN,27,80,14,66,24.5,5.1,1.9,4.6,40.3,1.0,2.8,37.6,0.4,0.6,63.0,0.4,1.3,1.7,4.1,1.1,0.8,0.1,2.0,14.7,2.0,0.0,-5.2
Felton Spencer,GSW,29,73,24,49,21.4,5.1,1.9,3.9,48.9,0.0,0.0,0.0,1.3,2.2,58.4,2.2,3.5,5.7,0.3,1.2,0.5,0.7,3.8,14.6,1.0,0.0,-0.7
Brent Price,HOU,28,25,14,11,15.6,5.0,1.8,4.2,41.9,0.7,2.1,32.1,0.8,0.8,100,0.4,0.8,1.2,2.6,1.3,0.7,0.0,1.4,11.1,0.0,0.0,1.3
Hubert Davis,TOR,27,36,10,26,17.3,5.0,2.1,5.1,40.2,0.4,1.9,22.9,0.5,0.6,73.9,0.3,0.8,1.1,0.9,0.6,0.3,0.1,1.1,8.3,0.0,0.0,-1.1
Grant Long,DET,31,65,41,24,18.0,5.0,1.9,4.2,44.7,0.3,0.7,36.2,1.0,1.3,75.0,1.4,2.1,3.4,0.6,0.7,0.7,0.1,1.6,11.5,2.0,0.0,1.1
Tony Smith,CHH,29,69,43,26,18.7,5.0,2.0,4.9,40.9,0.5,1.4,32.3,0.6,0.9,64.4,0.6,0.8,1.4,2.2,1.1,0.7,0.3,1.6,11.8,0.0,0.0,0.1
Emanual Davis,HOU,28,13,12,1,17.7,5.0,1.8,4.2,44.4,0.9,2.1,44.4,0.4,0.6,62.5,0.2,1.5,1.7,2.0,1.3,0.7,0.2,1.5,11.3,0.0,0.0,2.5
Jeff McInnis,DEN,22,13,2,11,9.0,5.0,1.8,3.8,46.9,0.9,2.0,46.2,0.5,0.8,70.0,0.2,0.3,0.5,1.4,1.0,0.2,0.1,1.2,7.3,0.0,0.0,-3.4
Jaren Jackson,WAS,29,75,41,34,15.1,5.0,1.8,4.4,40.7,0.7,2.1,33.5,0.7,0.9,76.8,0.4,1.3,1.8,0.9,0.8,0.6,0.2,1.7,10.0,0.0,0.0,0.4
Kevin Gamble,SAC,31,62,26,36,15.4,5.0,2.0,4.6,43.0,0.9,1.8,48.2,0.1,0.2,70.0,0.2,1.5,1.7,1.2,0.4,0.3,0.3,1.2,10.3,0.0,0.0,-1.4
Samaki Walker,DAL,21,43,14,29,14.0,4.9,1.9,4.3,44.1,0.0,0.0,0.0,1.1,1.7,64.9,1.1,2.3,3.4,0.4,0.9,0.3,0.5,1.7,11.3,0.0,0.0,-3.0
Loren Meyer,PHX,24,54,24,30,13.0,4.9,2.0,4.5,44.3,0.1,0.1,57.1,0.9,1.2,71.9,1.0,1.7,2.7,0.4,1.1,0.2,0.3,2.3,9.0,1.0,0.0,-2.1
Keith Askins,MIA,29,78,60,18,22.7,4.9,1.8,4.1,43.3,0.9,2.2,40.1,0.5,0.7,67.2,1.1,2.4,3.5,1.0,0.8,0.7,0.2,2.5,12.6,1.0,0.0,2.2
Jon Barry,ATL,27,58,38,20,16.6,4.9,1.7,4.2,40.7,0.8,2.1,38.7,0.6,0.8,80.4,0.4,1.3,1.7,2.0,1.0,0.9,0.1,1.0,11.9,0.0,0.0,1.8
John Crotty,MIA,27,48,35,13,13.8,4.8,1.6,3.2,51.3,0.4,1.0,40.8,1.1,1.3,84.4,0.3,0.7,1.0,2.1,0.9,0.4,0.0,1.6,9.4,0.0,0.0,-0.9
Oliver Miller,TOR,27,61,22,39,18.9,4.8,2.0,3.9,51.7,0.0,0.0,0.0,0.8,1.3,60.8,1.7,3.3,5.0,1.4,1.5,0.8,1.0,3.0,16.9,3.0,0.0,-0.2
Travis Knight,LAL,22,71,48,23,16.3,4.8,2.0,3.9,50.9,0.0,0.0,0.0,0.9,1.4,62.0,1.8,2.7,4.5,0.5,0.7,0.4,0.8,2.4,14.1,5.0,0.0,1.7
Othella Harrington,HOU,23,57,37,20,15.1,4.8,2.0,3.6,54.9,0.0,0.1,0.0,0.9,1.4,60.5,1.3,2.2,3.5,0.3,1.0,0.2,0.4,2.0,10.2,1.0,0.0,0.4
John Wallace,NYK,23,68,48,20,11.6,4.8,1.8,3.5,51.7,0.0,0.1,50.0,1.2,1.6,71.8,0.8,1.5,2.3,0.5,1.1,0.3,0.4,1.5,9.2,1.0,0.0,0.2
Fred Hoiberg,IND,24,47,24,23,12.2,4.8,1.4,3.3,42.9,0.6,1.5,41.4,1.3,1.6,79.2,0.3,1.4,1.7,0.9,0.5,0.6,0.1,1.1,9.8,0.0,0.0,0.9
Frank Brickowski,BOS,37,17,5,12,15.0,4.8,1.9,4.3,43.8,0.4,1.2,35.0,0.6,0.8,71.4,0.4,1.6,2.0,0.9,1.1,0.3,0.2,2.5,9.0,0.0,0.0,-7.0
Randy Brown,CHI,29,72,61,11,14.7,4.7,1.9,4.6,42.0,0.1,0.3,18.2,0.8,1.2,67.9,0.5,1.1,1.5,1.8,0.8,1.1,0.2,1.6,12.6,0.0,0.0,2.5
Stacey Augmon,POR,28,60,41,19,15.7,4.7,1.8,3.7,47.7,0.0,0.0,0.0,1.2,1.6,71.1,0.8,1.5,2.3,0.9,1.1,0.7,0.3,1.5,10.7,0.0,0.0,1.7
Charles Smith,SAS,31,19,5,14,17.3,4.6,1.8,4.4,40.5,0.0,0.1,0.0,1.1,1.4,76.9,0.9,2.5,3.4,0.7,1.2,0.7,1.2,2.3,14.2,1.0,0.0,-2.1
Bill Wennington,CHI,34,61,53,8,12.8,4.6,1.9,3.9,49.8,0.0,0.0,0.0,0.7,0.9,83.0,0.8,1.4,2.1,0.7,0.5,0.2,0.2,2.2,8.7,1.0,0.0,1.7
Chris Robinson,VAN,23,41,6,35,16.6,4.6,1.7,4.4,37.9,0.8,2.2,38.2,0.4,0.6,61.5,0.6,1.2,1.7,1.6,0.8,0.7,0.2,2.1,10.9,0.0,0.0,-3.8
Nate McMillan,SEA,32,37,25,12,21.7,4.6,1.6,4.0,40.9,0.8,2.3,33.3,0.5,0.8,65.5,0.4,2.8,3.2,3.8,0.9,1.6,0.2,2.1,18.4,0.0,0.0,5.9
Matt Bullard,HOU,30,71,47,24,14.4,4.5,1.6,4.0,40.1,0.9,2.6,36.6,0.4,0.5,73.5,0.2,1.5,1.6,0.9,0.5,0.3,0.3,1.0,9.0,0.0,0.0,0.3
Clifford Rozier,TOR,24,42,15,27,17.5,4.5,1.9,4.1,45.4,0.0,0.0,0.0,0.7,1.5,50.8,2.4,3.1,5.6,0.7,0.7,0.6,1.0,2.3,16.5,1.0,0.0,-2.0
Dontonio Wingfield,POR,23,47,30,17,12.0,4.5,1.7,4.1,40.9,0.6,1.6,33.8,0.6,0.9,67.5,1.3,1.6,2.9,1.0,1.0,0.3,0.1,2.1,9.7,1.0,0.0,0.4
Howard Eisley,UTA,24,82,64,18,13.2,4.5,1.7,3.8,45.1,0.2,0.9,27.8,0.9,1.1,78.7,0.2,0.8,1.0,2.4,1.3,0.5,0.1,1.7,10.0,0.0,0.0,0.8
Lloyd Daniels,NJN,29,22,4,18,14.0,4.5,1.6,5.4,30.3,1.0,3.2,30.0,0.2,0.3,83.3,0.9,1.1,2.0,1.2,0.6,0.5,0.1,1.5,9.7,0.0,0.0,-2.3
Eric Montross,NJN,25,78,27,51,23.4,4.4,2.1,4.5,45.7,0.0,0.0,0.0,0.3,0.8,33.9,2.3,4.3,6.6,0.8,1.0,0.3,0.9,3.4,16.1,3.0,0.0,-3.1
Chris Morris,UTA,31,73,59,14,13.4,4.3,1.7,4.1,40.8,0.4,1.5,27.4,0.5,0.7,72.2,0.5,1.7,2.2,0.6,0.6,0.4,0.3,1.7,9.4,0.0,0.0,-1.8
Larry Stewart,SEA,28,70,50,20,14.0,4.3,1.6,3.6,44.4,0.1,0.5,24.3,1.0,1.3,72.0,1.1,1.4,2.4,0.7,0.9,0.4,0.3,1.5,9.7,1.0,0.0,1.2
Shawn Respert,TOR,25,41,15,26,12.1,4.2,1.4,3.4,42.4,0.5,1.4,35.1,0.8,1.0,87.2,0.3,0.6,1.0,1.0,0.7,0.5,0.0,1.0,7.7,0.0,0.0,-1.1
Corie Blount,LAL,28,58,40,18,17.3,4.2,1.6,3.1,51.4,0.0,0.1,33.3,1.0,1.4,67.5,1.9,2.8,4.8,0.6,0.9,0.4,0.4,2.1,12.4,6.0,0.0,0.3
Jermaine O'Neal,POR,18,45,31,14,10.2,4.1,1.5,3.4,45.1,0.0,0.0,0.0,1.0,1.7,60.3,0.9,1.9,2.8,0.2,0.6,0.0,0.6,1.0,9.0,0.0,0.0,0.6
Harvey Grant,WAS,31,78,42,36,20.6,4.1,1.7,4.0,41.1,0.4,1.1,31.5,0.4,0.5,76.9,0.8,2.5,3.3,0.9,0.4,0.6,0.6,2.1,12.6,0.0,0.0,0.4
John Long,TOR,40,32,12,20,11.6,4.0,1.4,3.7,39.3,0.4,1.1,35.3,0.8,0.9,89.3,0.2,1.1,1.3,0.7,0.8,0.3,0.1,0.9,6.8,0.0,0.0,-2.0
Acie Earl,MIL,27,47,14,33,10.6,4.0,1.4,3.8,37.4,0.0,0.1,0.0,1.1,1.8,64.3,0.7,1.3,2.0,0.4,0.7,0.3,0.6,1.3,9.1,0.0,0.0,-1.3
Kevin Duckworth,LAC,33,26,10,16,14.7,4.0,1.7,4.0,43.7,0.1,0.2,75.0,0.4,0.6,68.8,0.9,1.4,2.3,0.6,1.3,0.3,0.4,2.4,8.7,0.0,0.0,-5.6
Ruben Nembhard,POR,25,10,7,3,11.4,4.0,1.6,3.7,43.2,0.0,0.6,0.0,0.8,1.0,80.0,0.3,0.5,0.8,1.7,0.8,0.9,0.0,1.2,9.4,0.0,0.0,0.3
Todd Fuller,GSW,22,75,28,47,12.6,4.0,1.5,3.5,42.4,0.0,0.0,0.0,1.0,1.5,69.1,1.4,1.9,3.3,0.3,0.7,0.1,0.3,1.9,9.0,2.0,0.0,-2.3
Gary Grant,MIA,32,28,21,7,13.0,3.9,1.4,3.9,35.5,0.5,1.6,30.4,0.6,0.8,81.8,0.3,1.1,1.4,1.6,1.0,0.6,0.0,1.4,8.7,0.0,0.0,1.0
Greg Anderson,SAS,33,82,20,62,20.3,3.9,1.6,3.2,49.6,0.0,0.0,0.0,0.8,1.1,66.7,1.9,3.5,5.5,0.4,0.9,0.8,0.8,2.7,15.0,4.0,0.0,-5.5
Michael Curry,DET,28,81,53,28,15.0,3.9,1.2,2.7,44.8,0.3,1.0,29.9,1.2,1.3,89.8,0.3,1.2,1.5,0.5,0.3,0.4,0.1,1.6,7.7,0.0,0.0,1.1
Randy Livingston,HOU,22,64,41,23,15.3,3.9,1.6,3.6,43.7,0.1,0.3,40.9,0.7,1.0,64.6,0.5,1.0,1.5,2.4,1.6,0.6,0.2,1.7,10.2,0.0,0.0,0.0
Chris Dudley,POR,32,81,48,33,22.7,3.9,1.6,3.6,43.0,0.0,0.0,0.0,0.8,1.7,47.4,2.5,4.8,7.3,0.5,1.0,0.5,1.2,3.0,17.4,2.0,0.0,-0.7
Marcus Brown,POR,23,21,11,10,8.7,3.9,1.3,3.3,40.0,0.6,1.5,40.6,0.6,0.9,68.4,0.2,0.5,0.7,1.0,0.6,0.4,0.1,1.2,7.0,0.0,0.0,1.0
Derek Fisher,LAL,22,80,55,25,11.5,3.9,1.3,3.3,39.7,0.3,0.9,30.1,1.0,1.5,65.8,0.3,0.9,1.2,1.5,0.9,0.5,0.1,1.1,8.4,0.0,0.0,0.9
Sean Rooks,LAL,27,69,47,22,10.7,3.8,1.3,2.7,47.0,0.0,0.0,0.0,1.3,1.9,70.0,0.8,1.6,2.4,0.6,0.7,0.2,0.6,1.8,9.2,2.0,0.0,0.3
Jim McIlvaine,SEA,24,82,57,25,18.1,3.8,1.6,3.4,47.3,0.0,0.1,14.3,0.6,1.3,49.5,1.6,2.4,4.0,0.3,0.8,0.5,2.0,3.0,15.7,0.0,0.0,3.1
Adam Keefe,UTA,27,62,48,14,14.8,3.8,1.3,2.6,51.3,0.0,0.0,0.0,1.1,1.7,68.9,1.2,2.3,3.5,0.5,0.7,0.5,0.2,1.6,10.1,1.0,0.0,2.0
Ken Norman,ATL,32,17,11,6,13.0,3.8,1.6,5.5,28.7,0.4,2.2,15.8,0.2,0.7,33.3,0.5,1.8,2.3,0.7,1.1,0.4,0.2,1.0,8.3,0.0,0.0,-1.9
Eric Murdock,DEN,29,12,4,8,9.6,3.8,1.3,2.8,45.5,0.3,0.8,40.0,0.9,1.0,91.7,0.1,0.8,0.9,2.0,0.9,0.8,0.2,0.8,9.7,0.0,0.0,-0.5
Gaylon Nickerson,WAS,28,4,2,2,10.4,3.8,1.0,3.0,33.3,0.0,0.5,0.0,1.8,1.8,100,0.3,1.0,1.3,0.3,0.3,0.3,0.3,0.3,6.9,0.0,0.0,1.8
Robert Parish,CHI,43,43,36,7,9.5,3.7,1.6,3.3,49.0,0.0,0.0,0.0,0.5,0.7,67.7,1.0,1.1,2.1,0.5,0.7,0.1,0.4,0.9,8.1,0.0,0.0,2.4
Martin Muursepp,DAL,22,42,15,27,8.3,3.7,1.3,3.1,41.2,0.1,0.6,16.7,1.0,1.7,62.9,0.8,0.8,1.6,0.5,0.4,0.3,0.3,1.4,7.6,0.0,0.0,-2.1
Jamie Feick,SAS,22,41,10,31,15.2,3.7,1.4,3.8,35.7,0.1,0.3,35.7,0.8,1.6,50.7,2.0,3.2,5.2,0.6,0.8,0.4,0.3,1.9,12.3,4.0,0.0,-3.1
Ed O'Bannon,DAL,24,64,16,48,12.6,3.7,1.5,4.4,33.3,0.3,1.1,25.7,0.5,0.5,88.6,0.8,1.5,2.3,0.6,0.3,0.5,0.2,1.5,9.0,1.0,0.0,-1.8
Tracy Moore,HOU,31,27,19,8,8.8,3.7,1.2,3.1,38.8,0.4,1.6,25.6,0.8,1.1,71.0,0.4,0.6,1.0,0.7,0.5,0.2,0.0,0.7,6.0,0.0,0.0,-1.5
Jeff Grayer,SAC,31,25,13,12,12.7,3.6,1.5,3.3,45.8,0.2,0.4,36.4,0.4,0.8,55.0,0.8,0.7,1.5,1.0,0.6,0.3,0.3,1.7,8.2,0.0,0.0,-1.2
David Wingate,SEA,33,65,49,16,14.3,3.6,1.4,3.3,41.6,0.4,1.1,35.2,0.5,0.6,82.5,0.4,0.8,1.1,1.2,0.6,0.7,0.1,1.7,8.5,0.0,0.0,0.4
Stephen Howard,UTA,26,49,42,7,8.5,3.6,1.3,2.2,57.4,0.0,0.0,0.0,1.1,1.7,64.2,0.6,1.1,1.7,0.2,0.5,0.4,0.2,1.3,7.4,0.0,0.0,-0.2
Tony Dumas,PHX,24,24,6,18,11.6,3.6,1.4,4.0,34.4,0.2,1.2,14.3,0.7,1.0,64.0,0.1,0.5,0.7,1.0,0.7,0.4,0.1,1.9,6.8,0.0,0.0,-0.9
Doug Overton,PHI,27,61,17,44,10.5,3.6,1.3,3.1,42.6,0.2,0.7,25.0,0.7,0.8,93.8,0.3,0.8,1.1,1.7,0.6,0.4,0.0,0.7,7.9,0.0,0.0,0.0
Greg Foster,UTA,28,79,62,17,11.6,3.5,1.4,3.1,45.3,0.0,0.0,66.7,0.7,0.8,83.1,0.7,1.7,2.4,0.4,0.7,0.1,0.3,1.8,7.4,0.0,0.0,0.0
Donald Royal,CHH,31,62,32,30,13.9,3.5,1.0,2.4,42.5,0.0,0.0,0.0,1.5,1.9,80.3,0.8,1.6,2.5,0.4,0.8,0.4,0.2,1.6,8.0,0.0,0.0,-1.6
Craig Ehlo,SEA,35,62,45,17,13.7,3.5,1.4,4.0,35.1,0.4,1.5,28.4,0.2,0.4,50.0,0.6,1.1,1.8,1.1,0.7,0.6,0.1,1.1,8.4,0.0,0.0,1.5
Stojko Vrankovic,MIN,33,53,24,29,14.5,3.4,1.5,2.6,56.1,0.0,0.0,0.0,0.5,0.7,67.6,1.1,2.1,3.2,0.3,1.0,0.2,1.3,2.3,11.0,0.0,0.0,-2.8
Jamie Watson,DAL,25,23,10,13,14.8,3.4,1.3,3.1,43.1,0.2,0.5,33.3,0.5,0.7,75.0,0.8,1.3,2.0,1.4,1.0,1.0,0.2,1.5,10.3,0.0,0.0,-1.9
Lionel Simmons,SAC,28,41,13,28,12.7,3.4,1.1,3.3,33.1,0.2,0.7,23.3,1.0,1.2,87.5,0.7,1.8,2.5,1.4,0.8,0.2,0.3,1.4,9.2,0.0,0.0,-5.8
Pete Chilcutt,VAN,28,54,6,48,12.3,3.4,1.3,3.1,43.6,0.5,1.3,36.2,0.2,0.4,59.1,1.2,1.6,2.9,0.9,0.5,0.5,0.3,1.0,10.0,1.0,0.0,-3.5
Sedale Threatt,HOU,35,21,17,4,16.0,3.3,1.3,3.5,37.8,0.4,1.0,40.0,0.3,0.4,75.0,0.2,0.9,1.1,1.9,0.6,0.7,0.1,1.4,9.5,0.0,0.0,-1.7
Greg Graham,SEA,26,28,23,5,6.9,3.3,1.0,2.9,36.3,0.3,1.1,29.0,0.9,1.4,65.0,0.1,0.4,0.5,0.4,0.4,0.4,0.0,0.4,5.5,0.0,0.0,0.3
Cherokee Parks,MIN,24,76,38,38,12.7,3.3,1.4,2.7,51.0,0.0,0.0,0.0,0.6,1.0,60.5,1.1,1.5,2.6,0.4,0.4,0.5,0.6,2.0,10.2,0.0,0.0,0.1
Steve Nash,PHX,23,65,30,35,10.5,3.3,1.1,2.7,42.3,0.4,0.8,41.8,0.6,0.8,82.4,0.2,0.7,1.0,2.1,1.0,0.3,0.0,1.4,7.6,1.0,0.0,-1.7
Rumeal Robinson,POR,30,54,38,16,9.3,3.3,1.2,3.0,40.2,0.3,1.0,32.1,0.5,0.6,74.3,0.1,0.8,0.9,1.4,0.8,0.4,0.0,1.1,7.0,0.0,0.0,0.4
Benoit Benjamin,TOR,32,4,2,2,10.8,3.3,1.3,3.0,41.7,0.0,0.0,0.0,0.8,1.0,75.0,0.8,1.5,2.3,0.3,0.5,0.3,0.0,1.3,6.6,0.0,0.0,-2.8
Mark West,CLE,36,70,36,34,13.7,3.2,1.4,2.6,55.6,0.0,0.0,0.0,0.4,0.8,48.2,1.0,1.7,2.7,0.3,0.7,0.2,0.8,2.0,8.9,1.0,0.0,0.6
Priest Lauderdale,ATL,23,35,26,9,5.1,3.2,1.4,2.5,55.1,0.0,0.0,0.0,0.4,0.7,56.5,0.5,0.8,1.2,0.3,1.1,0.0,0.3,1.1,5.0,0.0,0.0,-0.3
Aleksandar Djordjevic,POR,29,8,4,4,7.8,3.1,1.0,2.0,50.0,0.6,0.9,71.4,0.5,0.6,80.0,0.1,0.5,0.6,0.6,0.6,0.0,0.0,0.4,4.2,0.0,0.0,1.0
Donny Marshall,CLE,24,56,25,31,9.8,3.1,0.9,2.9,32.5,0.6,1.6,37.9,0.7,1.0,70.4,0.4,0.9,1.3,0.4,0.6,0.4,0.1,1.1,6.1,0.0,0.0,-2.0
Rafael Addison,CHH,32,41,30,11,8.6,3.1,1.2,3.0,40.2,0.2,0.5,40.0,0.5,0.7,78.6,0.5,0.6,1.1,0.8,0.4,0.2,0.1,1.3,6.1,0.0,0.0,-1.0
Ray Owes,GSW,24,57,23,34,10.4,3.1,1.3,3.2,41.7,0.0,0.1,20.0,0.5,0.8,56.5,1.1,1.7,2.9,0.3,0.4,0.3,0.4,1.5,8.4,2.0,0.0,-1.5
Mitchell Butler,POR,26,49,29,20,9.4,3.0,1.1,2.6,41.6,0.2,0.8,30.8,0.7,1.0,64.0,0.4,0.7,1.1,0.6,0.6,0.3,0.0,1.1,5.6,0.0,0.0,0.4
Devin Gray,SAS,25,6,3,3,8.2,3.0,1.3,4.3,30.8,0.0,0.0,0.0,0.3,0.8,40.0,1.0,1.3,2.3,0.3,0.8,0.7,0.0,1.8,7.5,0.0,0.0,-7.3
Jimmy King,DEN,23,2,0,2,10.8,3.0,1.0,3.0,33.3,0.0,0.0,0.0,1.0,2.0,50.0,1.0,0.0,1.0,1.0,0.5,1.5,0.0,1.0,9.7,0.0,0.0,-9.0
Jerome Allen,DEN,24,76,27,49,12.4,3.0,1.0,2.9,35.0,0.4,1.2,32.3,0.6,0.9,58.3,0.3,1.0,1.3,2.0,0.9,0.4,0.1,1.1,8.0,0.0,0.0,-1.1
Eric Snow,SEA,24,67,49,18,11.4,3.0,1.1,2.4,45.1,0.1,0.2,26.7,0.7,1.0,71.2,0.3,0.8,1.0,2.4,0.7,0.6,0.0,1.4,8.8,0.0,0.0,-0.5
Willie Anderson,MIA,30,28,22,6,10.7,3.0,1.0,2.3,45.3,0.3,0.7,42.1,0.6,0.7,85.0,0.5,1.0,1.5,1.2,0.7,0.5,0.1,1.3,7.8,0.0,0.0,-0.5
Malik Rose,CHH,22,54,34,20,9.7,3.0,1.1,2.4,47.7,0.0,0.0,0.0,0.7,1.1,61.3,1.3,1.7,3.0,0.6,0.8,0.5,0.3,2.1,9.2,0.0,0.0,0.2
Dan Schayes,ORL,38,45,25,20,12.0,3.0,1.0,2.7,39.2,0.0,0.0,0.0,0.9,1.2,75.0,0.9,1.9,2.8,0.3,0.6,0.3,0.4,1.6,8.2,1.0,0.0,-0.1
Tim Legler,WAS,30,15,10,5,12.2,2.9,1.0,3.2,31.3,0.5,1.9,27.6,0.4,0.5,85.7,0.0,1.4,1.4,0.5,0.6,0.2,0.3,1.4,6.3,0.0,0.0,-0.7
Mark Hendrickson,PHI,23,29,5,24,10.3,2.9,1.1,2.7,41.6,0.1,0.4,25.0,0.6,0.9,69.2,1.2,2.0,3.2,0.1,0.5,0.3,0.1,1.1,7.9,1.0,0.0,-0.8
Bobby Hurley,SAC,26,49,18,31,12.8,2.9,0.9,2.6,36.8,0.3,0.9,31.1,0.8,1.1,69.8,0.2,0.6,0.8,3.0,1.1,0.6,0.1,1.1,9.0,1.0,0.0,-0.8
Chucky Brown,MIL,29,70,25,45,10.8,2.9,1.1,2.2,50.6,0.0,0.1,16.7,0.7,1.0,67.1,0.6,1.5,2.1,0.4,0.3,0.1,0.3,1.4,7.1,0.0,0.0,-1.1
Richard Manning,LAC,27,26,7,19,7.7,2.9,1.2,3.2,39.0,0.1,0.2,50.0,0.3,0.5,64.3,0.6,0.9,1.5,0.1,0.3,0.2,0.1,1.1,5.3,0.0,0.0,-1.3
Frankie King,PHI,25,7,0,7,8.5,2.9,1.0,2.4,41.2,0.1,0.3,50.0,0.7,0.7,100,0.6,1.4,2.0,0.7,0.4,0.6,0.0,1.0,7.6,0.0,0.0,1.1
Joe Kleine,NJN,35,59,23,36,14.4,2.8,1.2,2.9,40.6,0.0,0.1,66.7,0.5,0.6,73.7,1.1,2.4,3.4,0.6,0.7,0.3,0.3,1.9,9.0,0.0,0.0,-2.4
Don Reid,DET,23,47,31,16,9.8,2.8,1.1,2.4,48.2,0.0,0.0,0.0,0.5,0.7,75.0,0.8,1.4,2.1,0.3,0.5,0.3,0.3,2.2,7.3,1.0,0.0,-0.9
Joe Courtney,SAS,27,9,3,6,11.2,2.8,1.2,3.3,36.7,0.0,0.0,0.0,0.3,0.6,60.0,1.0,0.8,1.8,0.0,0.3,0.0,0.0,1.6,4.6,0.0,0.0,-1.0
Michael Hawkins,BOS,24,29,3,26,11.2,2.8,1.0,2.3,42.6,0.3,1.1,32.3,0.4,0.5,80.0,0.3,0.8,1.1,2.2,1.0,0.6,0.0,1.4,8.1,0.0,0.0,-1.8
George Zidek,DEN,23,52,22,30,7.2,2.8,0.9,2.3,41.5,0.0,0.0,0.0,0.9,1.1,78.9,0.7,1.0,1.7,0.3,0.5,0.1,0.1,1.2,5.1,0.0,0.0,-2.2
Jimmy Oliver,TOR,27,4,2,2,10.7,2.8,1.0,3.3,30.8,0.3,1.5,16.7,0.5,0.5,100,0.3,1.0,1.3,0.3,0.8,0.5,0.0,0.5,5.4,0.0,0.0,-9.5
Antonio Lang,CLE,25,64,32,32,13.2,2.7,1.1,2.5,42.0,0.0,0.1,0.0,0.5,0.8,72.9,0.8,1.2,2.0,0.5,0.8,0.5,0.5,1.7,8.0,0.0,0.0,0.0
Mike Brown,PHX,33,6,3,3,13.6,2.7,0.8,2.0,41.7,0.0,0.0,0.0,1.0,1.7,60.0,1.5,2.7,4.2,0.8,0.3,0.2,0.2,1.5,9.6,0.0,0.0,-1.3
Evric Gray,NJN,27,5,0,5,8.5,2.6,0.8,3.0,26.7,0.2,0.8,25.0,0.8,0.8,100,0.2,0.4,0.6,0.4,0.6,0.2,0.0,1.0,3.9,0.0,0.0,3.4
Eric Mobley,VAN,27,28,1,27,10.9,2.6,1.0,2.3,44.4,0.0,0.0,0.0,0.6,1.1,53.3,1.1,1.0,2.1,0.5,1.0,0.2,0.4,1.6,6.4,0.0,0.0,-3.3
Duane Causwell,SAC,29,46,17,29,12.9,2.6,1.0,2.0,51.1,0.0,0.1,66.7,0.4,0.8,54.1,1.2,1.5,2.8,0.4,0.7,0.3,0.8,2.8,9.2,1.0,0.0,-2.9
Rick Mahorn,DET,38,22,17,5,9.9,2.5,0.9,2.5,37.0,0.0,0.0,0.0,0.7,1.0,72.7,0.9,1.5,2.4,0.3,0.5,0.2,0.1,1.5,6.3,0.0,0.0,-0.5
Antonio Harvey,SEA,26,6,6,0,4.4,2.5,0.8,1.8,45.5,0.0,0.0,0.0,0.8,1.0,83.3,0.3,1.3,1.7,0.2,0.2,0.0,0.7,1.3,6.6,0.0,0.0,-0.7
Donnie Boyce,ATL,23,22,17,5,7.0,2.5,1.0,2.9,33.3,0.1,0.7,12.5,0.5,1.0,50.0,0.3,0.4,0.7,0.6,0.7,0.5,0.2,0.8,5.4,0.0,0.0,-1.3
Pervis Ellison,BOS,30,6,1,5,20.7,2.5,1.0,2.7,37.5,0.0,0.0,0.0,0.5,0.8,60.0,1.5,2.8,4.3,0.7,1.2,0.8,1.5,3.5,14.5,0.0,0.0,1.3
Ed Pinckney,MIA,34,27,24,3,10.0,2.4,0.9,1.6,53.5,0.0,0.0,0.0,0.7,0.9,80.0,0.9,1.5,2.4,0.2,0.7,0.3,0.3,1.1,6.9,0.0,0.0,-1.7
Elmer Bennett,DEN,27,9,5,4,8.4,2.4,0.7,2.1,31.6,0.3,1.0,33.3,0.8,1.1,70.0,0.0,0.4,0.4,1.2,1.1,0.4,0.0,0.8,5.0,0.0,0.0,-1.4
Nate Driggers,BOS,23,15,3,12,8.9,2.4,0.9,2.9,30.2,0.0,0.6,0.0,0.7,0.9,71.4,0.8,0.7,1.5,0.4,0.4,0.2,0.1,0.7,5.4,0.0,0.0,-4.5
Dexter Boney,PHX,27,8,3,5,5.6,2.4,0.8,2.4,31.6,0.1,0.8,16.7,0.8,1.0,75.0,0.4,0.4,0.8,0.0,0.1,0.3,0.1,0.4,4.3,0.0,0.0,-3.4
Jason Sasser,DAL,23,8,1,7,8.4,2.4,1.1,2.9,39.1,0.1,0.4,33.3,0.0,0.0,0.0,0.1,0.9,1.0,0.3,0.3,0.4,0.0,1.4,4.8,0.0,0.0,-4.3
Lorenzo Williams,WAS,27,19,10,9,14.0,2.4,1.1,1.6,64.5,0.0,0.0,0.0,0.3,0.4,71.4,1.5,2.2,3.6,0.2,0.9,0.3,0.4,2.6,8.3,1.0,0.0,-3.1
Lou Roe,GSW,24,17,5,12,6.3,2.4,0.8,2.8,29.2,0.2,0.6,27.3,0.5,1.1,47.4,0.4,0.4,0.8,0.4,0.6,0.2,0.1,0.6,3.9,0.0,0.0,-2.0
David Vaughn,ORL,24,35,17,18,8.5,2.3,0.9,2.1,43.1,0.0,0.0,0.0,0.5,0.9,63.3,1.0,1.7,2.7,0.2,0.8,0.2,0.4,1.2,7.0,0.0,0.0,-1.0
Darvin Ham,IND,23,36,13,23,8.7,2.3,0.9,1.7,53.2,0.0,0.0,0.0,0.5,1.0,48.6,0.8,0.8,1.6,0.4,0.6,0.3,0.2,1.6,5.6,0.0,0.0,-0.4
Dwayne Schintzius,LAC,28,15,4,11,7.7,2.3,0.9,2.4,36.1,0.1,0.1,50.0,0.5,0.5,87.5,0.6,0.9,1.5,0.3,0.5,0.1,0.6,1.5,6.0,0.0,0.0,2.4
Adrian Caldwell,PHI,30,45,12,33,12.7,2.2,0.9,2.0,43.5,0.0,0.0,0.0,0.5,1.1,42.0,1.3,2.4,3.7,0.3,0.6,0.4,0.2,1.9,8.1,0.0,0.0,-1.8
Brett Szabo,BOS,29,70,11,59,9.5,2.2,0.8,1.7,44.6,0.0,0.0,0.0,0.6,0.9,73.8,0.8,1.6,2.4,0.2,0.6,0.2,0.5,1.7,6.9,1.0,0.0,-2.4
Donald Whiteside,TOR,28,27,7,20,9.7,2.2,0.7,2.0,32.7,0.4,1.3,33.3,0.4,0.6,73.3,0.1,0.4,0.4,1.3,0.6,0.4,0.0,0.9,5.3,0.0,0.0,-1.5
Stacey King,DAL,30,11,2,9,9.3,2.2,1.0,2.0,50.0,0.0,0.0,0.0,0.2,0.6,28.6,1.0,1.5,2.5,0.1,0.5,0.2,0.1,1.3,5.5,0.0,0.0,-3.5
Steve Hamer,BOS,23,35,4,31,7.6,2.2,0.9,1.6,52.6,0.0,0.1,0.0,0.5,0.8,55.2,0.5,1.2,1.7,0.2,0.4,0.1,0.1,1.1,4.7,0.0,0.0,0.1
Reggie Jordan,MIN,29,19,7,12,6.8,2.1,0.8,1.4,61.5,0.0,0.0,0.0,0.4,0.9,47.1,0.6,0.8,1.4,0.6,0.4,0.4,0.2,0.8,5.9,0.0,0.0,-0.1
Chris Jent,NYK,27,3,2,1,3.1,2.0,0.7,2.0,33.3,0.7,1.0,66.7,0.0,0.0,0.0,0.3,0.0,0.3,0.3,0.0,0.0,0.0,0.7,2.9,0.0,0.0,-2.3
Greg Dreiling,DAL,33,40,7,33,9.7,2.0,0.9,1.9,45.9,0.0,0.0,100,0.3,0.7,40.7,0.5,1.4,1.9,0.3,0.2,0.2,0.2,1.6,5.6,0.0,0.0,-0.9
Jack Haley,NJN,33,20,6,14,3.7,2.0,0.7,1.9,35.1,0.0,0.0,0.0,0.7,1.0,73.7,0.7,1.0,1.6,0.3,0.1,0.1,0.1,0.7,4.5,0.0,0.0,1.2
Litterial Green,DET,27,45,27,18,6.8,2.0,0.7,1.4,46.9,0.0,0.2,0.0,0.7,1.0,63.8,0.1,0.4,0.5,0.9,0.3,0.4,0.0,0.6,4.8,0.0,0.0,1.5
Mark Strickland,MIA,26,31,28,3,4.9,2.0,0.8,1.9,41.7,0.0,0.0,0.0,0.4,0.7,57.1,0.5,0.7,1.2,0.0,0.5,0.1,0.3,0.5,4.4,0.0,0.0,-1.8
Dickey Simpkins,CHI,25,48,41,7,8.2,1.9,0.6,1.9,33.3,0.0,0.1,25.0,0.6,0.8,70.0,0.8,1.2,1.9,0.6,0.7,0.1,0.1,0.9,5.1,0.0,0.0,-0.1
Herb Williams,NYK,39,21,10,11,8.7,1.9,0.9,2.2,39.1,0.0,0.0,0.0,0.1,0.2,75.0,0.4,1.0,1.5,0.2,0.2,0.2,0.2,0.9,5.0,0.0,0.0,-1.8
Michael Cage,PHI,35,82,22,60,15.1,1.8,0.8,1.7,46.8,0.0,0.0,0.0,0.2,0.5,46.3,1.4,2.5,3.9,0.5,0.2,0.6,0.5,1.4,10.4,0.0,0.0,-3.7
Fred Roberts,DAL,36,12,4,8,3.4,1.8,0.5,1.3,40.0,0.0,0.0,0.0,0.8,1.2,71.4,0.2,0.7,0.8,0.0,0.4,0.0,0.1,0.2,2.7,0.0,0.0,-0.9
Jud Buechler,CHI,29,76,65,11,9.2,1.8,0.8,2.1,36.7,0.2,0.7,33.3,0.1,0.2,35.7,0.6,1.1,1.7,0.8,0.4,0.3,0.3,0.7,6.4,0.0,0.0,0.9
Walter McCarty,NYK,23,35,24,11,5.4,1.8,0.7,1.9,38.2,0.1,0.4,28.6,0.2,0.4,57.1,0.2,0.4,0.7,0.4,0.5,0.2,0.3,1.1,4.1,0.0,0.0,0.2
Darrin Hancock,ATL,25,24,17,7,5.7,1.8,0.7,1.5,45.7,0.0,0.0,0.0,0.4,0.6,71.4,0.2,0.6,0.8,0.5,0.5,0.4,0.0,0.6,4.2,0.0,0.0,-0.8
Stevin Smith,DAL,25,8,0,8,7.6,1.8,0.8,2.3,33.3,0.1,0.8,16.7,0.1,0.1,100,0.3,1.0,1.3,0.5,0.5,0.1,0.0,1.1,3.9,0.0,0.0,-1.1
Shane Heal,MIN,26,43,15,28,5.3,1.7,0.6,2.3,26.8,0.5,1.5,30.8,0.1,0.1,60.0,0.0,0.4,0.4,0.8,0.4,0.1,0.1,0.5,3.4,0.0,0.0,0.4
Eric Leckner,VAN,31,20,1,19,6.5,1.7,0.7,1.7,42.4,0.0,0.0,0.0,0.3,0.6,50.0,0.3,1.6,1.8,0.3,0.5,0.2,0.1,1.8,4.5,0.0,0.0,-0.6
Horacio Llamas,PHX,23,20,16,4,4.9,1.7,0.8,1.4,53.6,0.0,0.0,0.0,0.2,0.4,50.0,0.2,0.7,0.9,0.2,0.6,0.5,0.3,1.3,4.8,0.0,0.0,1.0
Joe Wolf,MIL,32,56,23,33,9.3,1.7,0.7,1.6,44.9,0.0,0.1,14.3,0.3,0.3,73.7,0.6,1.4,2.0,0.4,0.3,0.3,0.2,1.9,5.7,0.0,0.0,-0.8
Randolph Childress,DET,24,23,16,7,6.6,1.7,0.6,1.7,35.0,0.2,0.8,26.3,0.3,0.3,75.0,0.0,0.2,0.3,0.7,0.8,0.4,0.0,0.7,3.5,0.0,0.0,-0.4
Brad Lohaus,TOR,32,6,1,5,7.4,1.7,0.7,2.5,26.7,0.3,1.2,28.6,0.0,0.0,0.0,0.2,1.0,1.2,0.2,0.2,0.2,0.0,1.0,3.7,0.0,0.0,-5.2
Amal McCaskill,ORL,23,17,9,8,6.4,1.6,0.6,1.9,31.3,0.0,0.1,0.0,0.5,0.7,66.7,0.2,1.1,1.3,0.4,0.6,0.2,0.3,0.4,4.6,0.0,0.0,-1.8
Alton Lister,BOS,38,53,8,45,9.7,1.6,0.6,1.5,41.6,0.0,0.0,0.0,0.4,0.6,74.2,1.2,1.9,3.2,0.2,0.6,0.2,0.3,1.8,6.5,0.0,0.0,-2.2
Mark Bradtke,PHI,28,36,6,30,6.9,1.6,0.7,1.6,43.1,0.0,0.0,0.0,0.3,0.4,69.2,0.7,1.2,1.9,0.2,0.3,0.1,0.1,0.9,4.8,0.0,0.0,0.2
Kevin Salvadori,SAC,26,23,14,9,6.7,1.6,0.5,1.4,36.4,0.0,0.0,0.0,0.6,0.8,72.2,0.3,0.8,1.1,0.4,0.5,0.1,0.6,0.7,5.0,0.0,0.0,0.6
Tom Chambers,CHH,38,12,11,1,6.8,1.6,0.6,2.6,22.6,0.2,0.3,66.7,0.3,0.3,75.0,0.3,0.9,1.2,0.3,0.8,0.1,0.0,1.2,3.0,0.0,0.0,-4.1
Steve Scheffler,SEA,29,7,6,1,3.9,1.6,0.7,0.9,83.3,0.0,0.0,0.0,0.1,0.3,50.0,0.1,0.3,0.4,0.0,0.7,0.0,0.0,0.7,1.4,0.0,0.0,-1.7
Martin Lewis,TOR,22,9,3,6,5.6,1.6,0.7,1.6,42.9,0.1,0.3,33.3,0.1,0.2,50.0,0.4,0.2,0.7,0.4,0.1,0.1,0.2,0.9,3.9,0.0,0.0,-0.9
Joe Stephens,HOU,24,2,1,1,4.9,1.5,0.5,2.5,20.0,0.5,1.5,33.3,0.0,0.0,0.0,1.0,0.5,1.5,0.0,1.5,1.5,0.0,1.5,6.3,0.0,0.0,-2.0
Matt Steigenga,CHI,27,2,1,1,5.9,1.5,0.5,2.0,25.0,0.0,1.0,0.0,0.5,1.0,50.0,0.0,1.5,1.5,1.0,1.0,0.5,0.5,0.5,6.8,0.0,0.0,-2.0
Moochie Norris,VAN,23,8,2,6,10.9,1.5,0.5,2.8,18.2,0.3,1.3,20.0,0.3,0.6,40.0,0.4,1.1,1.5,2.9,0.6,0.5,0.0,0.6,8.5,0.0,0.0,-5.9
Robert Werdann,NJN,26,6,0,6,5.1,1.5,0.5,1.2,42.9,0.0,0.0,0.0,0.5,0.5,100,0.5,0.5,1.0,0.0,0.3,0.3,0.2,1.7,3.9,0.0,0.0,-1.8
Scott Brooks,NYK,31,38,29,9,6.5,1.5,0.5,1.0,48.7,0.1,0.3,41.7,0.4,0.4,93.3,0.2,0.3,0.5,0.8,0.4,0.6,0.0,0.9,4.4,0.0,0.0,0.5
Jerome Williams,DET,24,33,19,14,5.3,1.5,0.6,1.5,39.2,0.0,0.0,0.0,0.3,0.5,52.9,0.7,0.8,1.5,0.2,0.4,0.4,0.0,0.5,4.5,0.0,0.0,-0.2
Reggie Geary,CLE,23,39,22,17,6.2,1.5,0.6,1.5,37.9,0.2,0.5,38.1,0.1,0.3,45.5,0.1,0.3,0.4,0.9,0.4,0.3,0.1,0.9,4.1,0.0,0.0,0.5
Ben Davis,PHX,24,20,12,8,4.9,1.5,0.5,1.3,38.5,0.0,0.0,0.0,0.5,1.0,45.0,0.6,0.8,1.4,0.0,0.2,0.2,0.1,0.8,3.7,0.0,0.0,-0.7
Brian Evans,ORL,23,14,8,6,4.1,1.4,0.6,1.6,36.4,0.3,0.6,50.0,0.0,0.0,0.0,0.1,0.5,0.6,0.5,0.1,0.1,0.1,0.4,3.4,0.0,0.0,-0.9
Keith Tower,MIL,27,5,2,3,14.5,1.4,0.6,1.6,37.5,0.0,0.0,0.0,0.2,1.6,12.5,0.4,1.4,1.8,0.2,0.4,0.4,0.2,2.4,5.3,0.0,0.0,-0.6
Yinka Dare,NJN,24,41,12,29,7.7,1.4,0.5,1.3,35.2,0.0,0.0,0.0,0.5,0.9,51.4,0.9,1.1,2.0,0.1,0.5,0.1,0.7,1.2,5.7,0.0,0.0,0.1
Ivano Newbill,ATL,26,72,49,23,11.8,1.4,0.6,1.3,44.0,0.0,0.0,0.0,0.3,0.7,38.5,1.1,1.8,2.8,0.3,0.6,0.4,0.2,1.6,6.5,0.0,0.0,0.1
Ennis Whatley,POR,34,3,0,3,7.0,1.3,0.7,1.3,50.0,0.0,0.0,0.0,0.0,0.0,0.0,0.0,1.0,1.0,1.0,0.3,0.0,0.0,1.7,3.7,0.0,0.0,-8.0
Ashraf Amaya,WAS,25,31,16,15,4.7,1.3,0.4,1.3,30.0,0.0,0.0,100,0.5,0.9,53.6,0.6,1.1,1.7,0.1,0.3,0.2,0.1,0.9,4.1,0.0,0.0,-1.3
Jimmy Carruth,MIL,27,4,0,4,4.8,1.3,0.5,0.8,66.7,0.0,0.0,0.0,0.3,0.3,100,0.0,1.0,1.0,0.0,0.3,0.0,0.5,1.0,3.7,0.0,0.0,-0.8
Shawnelle Scott,CLE,25,16,4,12,3.0,1.3,0.5,1.0,50.0,0.0,0.0,0.0,0.3,0.7,36.4,0.5,0.5,1.0,0.0,0.0,0.0,0.2,0.4,3.0,0.0,0.0,0.1
David Wood,MIL,32,46,17,29,5.1,1.2,0.4,0.8,52.6,0.1,0.3,33.3,0.3,0.4,66.7,0.1,0.5,0.6,0.3,0.1,0.2,0.1,0.8,3.1,0.0,0.0,-0.1
Brent Scott,IND,26,16,7,9,3.4,1.2,0.5,1.1,47.1,0.0,0.0,0.0,0.2,0.4,50.0,0.2,0.4,0.6,0.2,0.3,0.1,0.1,0.9,2.3,0.0,0.0,0.3
Ben Wallace,WAS,22,34,21,13,5.7,1.1,0.5,1.4,34.8,0.0,0.0,0.0,0.2,0.6,30.0,0.7,1.0,1.7,0.1,0.5,0.2,0.3,0.8,4.4,0.0,0.0,-0.6
Carl Thomas,CLE,27,19,13,6,4.0,1.1,0.5,1.3,37.5,0.1,0.6,16.7,0.1,0.1,100,0.2,0.5,0.7,0.4,0.3,0.1,0.1,0.4,2.7,0.0,0.0,-0.8
Dell Demps,ORL,27,2,0,2,4.6,1.0,0.0,1.5,0.0,0.0,0.5,0.0,1.0,1.0,100,0.0,0.0,0.0,0.0,0.0,0.5,0.0,0.5,2.5,0.0,0.0,-6.0
Larry Krystkowiak,LAL,32,3,1,2,3.9,1.0,0.3,0.7,50.0,0.0,0.0,0.0,0.3,0.7,50.0,0.7,1.0,1.7,1.0,0.3,0.7,0.0,1.0,6.2,0.0,0.0,1.3
Earl Cureton,TOR,39,9,1,8,5.0,0.8,0.3,0.9,37.5,0.0,0.0,0.0,0.1,0.3,33.3,0.4,0.6,1.0,0.4,0.1,0.0,0.0,1.1,2.5,0.0,0.0,-0.7
Tim Kempton,SAS,33,10,2,8,5.9,0.4,0.1,0.5,20.0,0.0,0.0,0.0,0.2,0.2,100,0.3,0.5,0.8,0.2,0.7,0.1,0.1,0.4,1.6,0.0,0.0,-1.2
LaSalle Thompson,IND,36,26,9,17,5.3,0.4,0.1,0.7,15.8,0.0,0.0,0.0,0.2,0.2,66.7,0.3,1.0,1.3,0.1,0.3,0.1,0.2,1.3,2.8,0.0,0.0,-1.7
Charles Jones,HOU,40,12,7,5,7.7,0.3,0.2,0.4,40.0,0.0,0.0,0.0,0.0,0.0,0.0,0.4,0.7,1.1,0.3,0.0,0.2,0.3,0.7,3.5,0.0,0.0,0.1
Matt Fish,MIA,27,6,5,1,1.3,0.3,0.2,0.5,33.3,0.0,0.0,0.0,0.0,0.0,0.0,0.2,0.7,0.8,0.0,0.3,0.0,0.0,0.3,1.0,0.0,0.0,-0.7
James Scott,MIA,25,8,8,0,4.0,0.1,0.0,1.0,0.0,0.0,0.5,0.0,0.1,0.3,50.0,0.1,0.6,0.8,0.4,0.3,0.3,0.0,0.6,2.1,0.0,0.0,-1.5
Anthony Miller,ATL,25,1,0,1,13.7,0.0,0.0,5.0,0.0,0.0,0.0,0.0,0.0,0.0,0.0,2.0,5.0,7.0,0.0,0.0,0.0,0.0,2.0,8.4,0.0,0.0,-14.0
Bruce Bowen,MIA,26,1,1,0,0.6,0.0,0.0,0.0,0.0,0.0,0.0,0.0,0.0,0.0,0.0,0.0,0.0,0.0,0.0,0.0,0.0,1.0,0.0,3.0,0.0,0.0,3.0
Cuonzo Martin,MIL,25,3,0,3,4.3,0.0,0.0,2.3,0.0,0.0,0.7,0.0,0.0,0.0,0.0,0.3,0.0,0.3,0.3,0.3,0.0,0.0,0.3,0.6,0.0,0.0,-0.7
Derrick Alston,ATL,24,2,1,1,5.3,0.0,0.0,2.5,0.0,0.0,0.0,0.0,0.0,1.0,0.0,1.5,0.5,2.0,0.0,0.0,0.0,0.0,0.0,2.4,0.0,0.0,-3.5
Elmore Spencer,SEA,27,1,1,0,5.5,0.0,0.0,1.0,0.0,0.0,0.0,0.0,0.0,0.0,0.0,0.0,0.0,0.0,0.0,1.0,1.0,0.0,0.0,2.0,0.0,0.0,-15.0
